Open time,Open,High,Low,Close,Volume,Close time,Quote asset volume,Number of trades,Taker buy base asset volume,Taker buy quote asset volume,Ignore
2022-06-01 01:00:00,31797.9,31986.1,31680.0,31925.5,13588.888,2022-06-01 01:59:59,432640301.1,132462,6894.888,219572827.0,0
2022-06-01 02:00:00,31925.5,31938.6,31825.7,31914.9,5821.94,2022-06-01 02:59:59,185599751.9,69205,2715.666,86580651.16,0
2022-06-01 03:00:00,31914.9,31915.0,31710.0,31794.1,9097.811,2022-06-01 03:59:59,289264655.6,89465,3901.611,124065459.0,0
2022-06-01 04:00:00,31794.2,31799.7,31610.1,31624.0,8818.013,2022-06-01 04:59:59,279394225.6,90844,3780.161,119767098.2,0
2022-06-01 05:00:00,31624.0,31666.0,31358.0,31556.4,18360.186,2022-06-01 05:59:59,578557600.9,158651,8967.395,282587008.5,0
2022-06-01 06:00:00,31556.5,31624.9,31435.0,31612.9,8112.276,2022-06-01 06:59:59,255888616.9,94234,4290.744,135365714.0,0
2022-06-01 07:00:00,31612.8,31664.8,31553.6,31575.8,7130.73,2022-06-01 07:59:59,225361110.8,76172,3484.696,110134867.4,0
2022-06-01 08:00:00,31575.8,31633.3,31461.0,31479.6,10060.313,2022-06-01 08:59:59,317270520.6,99607,4676.719,147524026.9,0
2022-06-01 09:00:00,31479.6,31634.6,31436.0,31605.6,9502.609,2022-06-01 09:59:59,299832817.3,98254,5196.695,163978082.4,0
2022-06-01 10:00:00,31605.7,31700.0,31595.8,31680.1,7450.303,2022-06-01 10:59:59,235808483.7,82844,3767.46,119255220.5,0
2022-06-01 11:00:00,31680.1,31698.1,31519.0,31538.6,10141.802,2022-06-01 11:59:59,320380255.7,84405,4318.278,136406547.5,0
2022-06-01 12:00:00,31538.5,31653.0,31427.5,31596.0,17382.499,2022-06-01 12:59:59,548147539.4,149794,8985.892,283398592.3,0
2022-06-01 13:00:00,31596.0,31826.7,31515.4,31709.2,17834.999,2022-06-01 13:59:59,565024417.4,160737,9436.75,298960883.7,0
2022-06-01 14:00:00,31709.2,31888.0,31634.4,31719.4,22789.15,2022-06-01 14:59:59,723833256.1,205275,11120.853,353291596.9,0
2022-06-01 15:00:00,31719.5,31802.8,30920.0,31160.5,57636.043,2022-06-01 15:59:59,1804235687.0,451954,26405.507,826603352.4,0
2022-06-01 16:00:00,31160.4,31220.0,30710.1,30733.7,48186.881,2022-06-01 16:59:59,1489650263.0,399936,22040.53,681584010.8,0
2022-06-01 17:00:00,30733.6,30745.0,30273.8,30409.7,59031.571,2022-06-01 17:59:59,1800779743.0,463966,28046.981,855706236.5,0
2022-06-01 18:00:00,30409.6,30422.6,29874.4,30163.2,63736.18,2022-06-01 18:59:59,1919954183.0,471468,30306.468,912954535.6,0
2022-06-01 19:00:00,30163.3,30440.0,30108.6,30165.4,35768.636,2022-06-01 19:59:59,1082959472.0,256873,17970.55,544263028.3,0
2022-06-01 20:00:00,30165.3,30339.2,30000.0,30116.5,23205.486,2022-06-01 20:59:59,700193353.9,188607,11156.918,336723771.9,0
2022-06-01 21:00:00,30116.5,30151.2,29300.0,29623.6,55555.781,2022-06-01 21:59:59,1650222192.0,372650,25296.152,751448058.6,0
2022-06-01 22:00:00,29623.5,29759.9,29562.3,29582.7,14707.463,2022-06-01 22:59:59,436444193.8,139296,6806.863,202031320.3,0
2022-06-01 23:00:00,29582.8,29755.0,29500.0,29731.5,12366.562,2022-06-01 23:59:59,366392234.3,125117,6471.818,191745968.9,0
2022-06-02 00:00:00,29731.4,30072.5,29709.7,29796.9,20706.634,2022-06-02 00:59:59,618896396.7,166883,10852.571,324377440.7,0
2022-06-02 01:00:00,29796.9,29818.3,29566.1,29671.2,17560.479,2022-06-02 01:59:59,521449487.5,145699,8589.67,255147628.2,0
2022-06-02 02:00:00,29671.3,29878.8,29629.6,29797.0,8801.135,2022-06-02 02:59:59,262138923.1,99772,4470.349,133163534.4,0
2022-06-02 03:00:00,29796.9,29899.9,29761.5,29809.9,6874.906,2022-06-02 03:59:59,204991636.7,77163,3062.571,91328292.47,0
2022-06-02 04:00:00,29809.9,29843.9,29690.0,29718.4,8046.347,2022-06-02 04:59:59,239464755.0,90877,3624.197,107877858.7,0
2022-06-02 05:00:00,29718.5,29812.3,29633.2,29799.9,7348.653,2022-06-02 05:59:59,218508571.7,85574,3667.341,109064329.0,0
2022-06-02 06:00:00,29799.8,29877.7,29674.8,29860.0,8316.467,2022-06-02 06:59:59,247730023.6,102462,4342.123,129359048.9,0
2022-06-02 07:00:00,29860.0,29967.0,29790.5,29898.6,7778.948,2022-06-02 07:59:59,232326129.2,84585,4169.925,124577221.8,0
2022-06-02 08:00:00,29898.6,30113.5,29884.6,29952.8,13589.639,2022-06-02 08:59:59,407395192.9,151363,7104.575,213002421.9,0
2022-06-02 09:00:00,29952.8,30005.2,29900.0,29922.2,7160.419,2022-06-02 09:59:59,214463281.2,89165,3487.887,104477321.6,0
2022-06-02 10:00:00,29922.2,30003.4,29852.1,29917.7,8236.011,2022-06-02 10:59:59,246445760.7,93388,4089.254,122381625.8,0
2022-06-02 11:00:00,29917.7,30188.8,29845.2,30016.8,16376.673,2022-06-02 11:59:59,491035808.7,140999,8909.93,267240696.6,0
2022-06-02 12:00:00,30016.8,30197.0,29942.0,30157.8,13395.124,2022-06-02 12:59:59,402775504.4,131863,7178.816,215894238.6,0
2022-06-02 13:00:00,30157.8,30175.0,30028.5,30076.5,9885.949,2022-06-02 13:59:59,297523684.8,113818,4916.833,147983016.1,0
2022-06-02 14:00:00,30076.5,30288.0,29579.9,29880.4,67068.266,2022-06-02 14:59:59,2004139903.0,502873,33684.213,1006634382.0,0
2022-06-02 15:00:00,29880.4,30136.3,29760.0,30041.6,35109.032,2022-06-02 15:59:59,1051364319.0,293519,18590.126,556798943.4,0
2022-06-02 16:00:00,30040.8,30380.0,30023.8,30194.4,32939.848,2022-06-02 16:59:59,995484123.5,287010,17442.697,527218428.2,0
2022-06-02 17:00:00,30194.4,30399.8,30161.1,30275.9,19143.897,2022-06-02 17:59:59,579403070.0,175228,9966.361,301694517.1,0
2022-06-02 18:00:00,30275.9,30341.2,30155.0,30180.4,13373.743,2022-06-02 18:59:59,404369889.1,129620,6374.229,192767355.6,0
2022-06-02 19:00:00,30180.3,30317.0,29948.6,30126.1,14713.529,2022-06-02 19:59:59,443722802.3,148315,6904.093,208252511.9,0
2022-06-02 20:00:00,30126.0,30288.0,30052.3,30272.2,9240.106,2022-06-02 20:59:59,278716884.1,114547,5162.699,155739708.6,0
2022-06-02 21:00:00,30272.2,30379.8,30230.8,30230.8,7796.277,2022-06-02 21:59:59,236173041.8,93555,3689.286,111775004.0,0
2022-06-02 22:00:00,30230.9,30369.4,30215.0,30348.1,4645.97,2022-06-02 22:59:59,140731952.2,69454,2593.115,78557379.83,0
2022-06-02 23:00:00,30348.2,30750.0,30310.0,30469.7,23207.805,2022-06-02 23:59:59,708176619.4,213866,13029.491,397659724.7,0
2022-06-03 00:00:00,30469.7,30633.0,30410.0,30437.1,10315.464,2022-06-03 00:59:59,314856124.3,103736,5056.753,154372255.5,0
2022-06-03 01:00:00,30437.1,30504.4,30330.4,30385.9,9874.551,2022-06-03 01:59:59,300333742.2,98519,4742.483,144269429.1,0
2022-06-03 02:00:00,30385.9,30693.2,30375.1,30614.0,14141.162,2022-06-03 02:59:59,431983357.9,121442,7439.839,227245972.6,0
2022-06-03 03:00:00,30614.0,30653.0,30513.0,30534.0,6525.777,2022-06-03 03:59:59,199499557.1,76767,3184.523,97361492.75,0
2022-06-03 04:00:00,30533.9,30548.5,30446.8,30510.5,6725.415,2022-06-03 04:59:59,205070307.7,69041,3082.176,93989783.05,0
2022-06-03 05:00:00,30510.4,30527.0,30400.0,30410.7,6869.502,2022-06-03 05:59:59,209240622.2,77041,2852.497,86894168.35,0
2022-06-03 06:00:00,30410.6,30545.1,30390.1,30524.9,5664.249,2022-06-03 06:59:59,172710144.8,69890,3061.937,93364697.81,0
2022-06-03 07:00:00,30524.9,30527.8,30340.6,30349.9,6854.772,2022-06-03 07:59:59,208659653.6,77361,2761.266,84072415.51,0
2022-06-03 08:00:00,30350.0,30476.6,30256.9,30424.3,11949.158,2022-06-03 08:59:59,362869924.9,129278,6001.11,182282272.3,0
2022-06-03 09:00:00,30424.2,30520.0,30376.9,30428.9,8939.392,2022-06-03 09:59:59,272279300.0,91765,4711.494,143524810.1,0
2022-06-03 10:00:00,30428.9,30467.7,30150.0,30242.8,20304.69,2022-06-03 10:59:59,614280180.4,194033,10266.219,310574523.7,0
2022-06-03 11:00:00,30242.8,30260.0,29731.0,29813.6,34777.755,2022-06-03 11:59:59,1041749707.0,305159,15502.039,464371494.7,0
2022-06-03 12:00:00,29813.5,29946.7,29653.4,29744.0,25510.228,2022-06-03 12:59:59,759435749.1,248264,13218.354,393597280.2,0
2022-06-03 13:00:00,29744.0,29880.0,29441.7,29520.2,38856.752,2022-06-03 13:59:59,1152772813.0,330863,18354.82,544712522.9,0
2022-06-03 14:00:00,29520.2,29764.3,29417.7,29705.0,33750.99,2022-06-03 14:59:59,999673581.8,279506,17141.271,507782220.0,0
2022-06-03 15:00:00,29704.9,29755.0,29220.0,29462.2,31516.36,2022-06-03 15:59:59,929567271.9,283036,14986.609,442172716.8,0
2022-06-03 16:00:00,29462.2,29576.0,29325.1,29486.7,19659.315,2022-06-03 16:59:59,578864910.9,183820,10278.791,302702809.7,0
2022-06-03 17:00:00,29486.8,29550.0,29381.6,29528.2,11667.699,2022-06-03 17:59:59,343967947.0,124859,5996.947,176807603.1,0
2022-06-03 18:00:00,29527.5,29677.0,29418.6,29488.3,15661.995,2022-06-03 18:59:59,462383648.4,143507,7928.819,234131951.3,0
2022-06-03 19:00:00,29488.2,29546.0,29450.0,29533.7,6160.446,2022-06-03 19:59:59,181773763.2,74934,3051.225,90031191.03,0
2022-06-03 20:00:00,29533.6,29616.0,29476.1,29560.5,7914.808,2022-06-03 20:59:59,233855292.3,85871,3942.167,116482658.5,0
2022-06-03 21:00:00,29560.4,29750.0,29545.4,29648.5,8340.255,2022-06-03 21:59:59,247194825.6,95472,4649.984,137844204.1,0
2022-06-03 22:00:00,29648.5,29849.0,29632.9,29789.0,8628.468,2022-06-03 22:59:59,256662249.3,104186,4535.346,134912600.5,0
2022-06-03 23:00:00,29788.9,29878.1,29681.1,29719.5,9927.157,2022-06-03 23:59:59,295615589.5,97364,4138.619,123272162.1,0
2022-06-04 00:00:00,29719.4,29733.3,29627.4,29682.8,6889.481,2022-06-04 00:59:59,204483576.3,74631,3348.602,99399444.37,0
2022-06-04 01:00:00,29682.8,29750.9,29660.8,29697.9,5699.896,2022-06-04 01:59:59,169332711.7,63671,2859.231,84951448.14,0
2022-06-04 02:00:00,29697.8,29726.9,29523.3,29573.3,9367.56,2022-06-04 02:59:59,277228380.5,90273,4141.781,122591891.9,0
2022-06-04 03:00:00,29573.3,29611.9,29465.0,29555.6,8767.841,2022-06-04 03:59:59,258795354.2,102011,4143.265,122303355.2,0
2022-06-04 04:00:00,29555.5,29633.9,29531.2,29543.2,4910.258,2022-06-04 04:59:59,145252414.2,56614,2690.313,79587940.27,0
2022-06-04 05:00:00,29543.3,29732.1,29529.7,29700.0,9472.201,2022-06-04 05:59:59,280896299.0,91551,5539.635,164256621.4,0
2022-06-04 06:00:00,29699.9,29709.6,29639.7,29668.5,3410.079,2022-06-04 06:59:59,101188684.0,44486,1559.75,46282669.45,0
2022-06-04 07:00:00,29668.5,29700.3,29634.1,29682.0,4061.624,2022-06-04 07:59:59,120528210.9,52105,2024.229,60073449.62,0
2022-06-04 08:00:00,29681.9,29698.9,29626.5,29690.5,4093.802,2022-06-04 08:59:59,121442842.2,49761,2080.374,61720615.39,0
2022-06-04 09:00:00,29690.4,29794.1,29665.0,29734.9,7866.603,2022-06-04 09:59:59,233884170.4,83842,4222.058,125541551.0,0
2022-06-04 10:00:00,29735.0,29759.0,29656.3,29712.7,5371.507,2022-06-04 10:59:59,159547114.7,62552,2393.969,71111343.64,0
2022-06-04 11:00:00,29712.6,29768.6,29685.2,29714.6,4708.003,2022-06-04 11:59:59,139938820.0,56997,2365.717,70323010.7,0
2022-06-04 12:00:00,29714.6,29729.4,29575.0,29669.7,7050.603,2022-06-04 12:59:59,209168030.1,76833,3165.062,93911433.64,0
2022-06-04 13:00:00,29669.8,29690.1,29500.0,29520.5,10946.409,2022-06-04 13:59:59,323856821.6,115536,5201.546,153914881.7,0
2022-06-04 14:00:00,29520.5,29646.6,29507.9,29590.2,7844.648,2022-06-04 14:59:59,232111371.8,84570,4499.53,133137406.7,0
2022-06-04 15:00:00,29590.2,29988.0,29456.0,29765.2,29965.681,2022-06-04 15:59:59,890737855.5,253836,16152.561,480337524.0,0
2022-06-04 16:00:00,29765.2,29878.2,29732.9,29839.9,11012.188,2022-06-04 16:59:59,328232216.7,118232,5840.286,174090755.4,0
2022-06-04 17:00:00,29839.9,29844.9,29730.0,29737.1,6169.192,2022-06-04 17:59:59,183688708.3,77922,2912.175,86709428.59,0
2022-06-04 18:00:00,29737.0,29742.9,29592.4,29693.5,11520.903,2022-06-04 18:59:59,341830982.7,107299,5664.607,168083681.0,0
2022-06-04 19:00:00,29693.4,29779.9,29693.4,29755.6,5253.871,2022-06-04 19:59:59,156321003.5,62818,2682.333,79805665.54,0
2022-06-04 20:00:00,29755.6,29764.3,29612.9,29642.6,5125.153,2022-06-04 20:59:59,152123806.5,60785,2401.361,71270106.92,0
2022-06-04 21:00:00,29642.6,29740.7,29615.4,29739.0,4648.626,2022-06-04 21:59:59,138002054.0,55103,2560.801,76025132.23,0
2022-06-04 22:00:00,29739.0,29859.5,29731.1,29831.1,5588.35,2022-06-04 22:59:59,166406899.8,71302,3143.123,93611457.21,0
2022-06-04 23:00:00,29831.1,29968.7,29773.0,29794.6,10318.42,2022-06-04 23:59:59,308186523.3,122555,5311.748,158666115.6,0
2022-06-05 00:00:00,29794.6,29859.9,29756.5,29848.4,4347.116,2022-06-05 00:59:59,129528566.4,55482,2291.71,68292452.78,0
2022-06-05 01:00:00,29848.5,29884.9,29702.7,29725.0,6841.13,2022-06-05 01:59:59,203907418.9,74650,2829.044,84353971.79,0
2022-06-05 02:00:00,29724.9,29742.0,29663.0,29679.0,6012.024,2022-06-05 02:59:59,178564340.9,71452,2823.104,83860830.59,0
2022-06-05 03:00:00,29678.9,29790.2,29667.5,29780.9,4462.567,2022-06-05 03:59:59,132773183.2,49803,2444.469,72724181.13,0
2022-06-05 04:00:00,29780.9,29812.0,29725.5,29756.2,3327.369,2022-06-05 04:59:59,99031698.77,42852,1454.354,43290484.1,0
2022-06-05 05:00:00,29755.8,29767.8,29670.7,29704.9,5097.056,2022-06-05 05:59:59,151451482.9,51388,2648.11,78679607.46,0
2022-06-05 06:00:00,29705.0,29809.7,29705.0,29777.3,4633.621,2022-06-05 06:59:59,137935417.1,45597,2469.189,73497571.08,0
2022-06-05 07:00:00,29777.2,29779.3,29718.0,29721.2,2961.623,2022-06-05 07:59:59,88120957.3,36569,1436.391,42739192.39,0
2022-06-05 08:00:00,29721.3,29800.0,29630.3,29630.6,7350.955,2022-06-05 08:59:59,218502815.4,68887,3468.514,103112484.2,0
2022-06-05 09:00:00,29630.6,29728.4,29630.0,29678.1,5586.443,2022-06-05 09:59:59,165841100.0,66070,2979.226,88433817.75,0
2022-06-05 10:00:00,29678.1,29680.5,29524.0,29626.2,11605.261,2022-06-05 10:59:59,343546780.5,114961,5376.165,159171454.4,0
2022-06-05 11:00:00,29626.3,29698.6,29580.6,29628.7,6065.379,2022-06-05 11:59:59,179820398.1,65808,2909.577,86270756.15,0
2022-06-05 12:00:00,29628.6,29733.1,29573.6,29700.7,7133.759,2022-06-05 12:59:59,211507965.0,74832,3697.621,109641323.8,0
2022-06-05 13:00:00,29700.7,29777.0,29655.7,29703.3,6163.455,2022-06-05 13:59:59,183130809.9,71353,3154.14,93733545.05,0
2022-06-05 14:00:00,29703.2,29740.7,29626.0,29647.4,5031.658,2022-06-05 14:59:59,149381742.3,60316,2441.61,72491503.59,0
2022-06-05 15:00:00,29647.4,29835.8,29611.3,29771.4,11476.392,2022-06-05 15:59:59,341309895.9,112419,6279.164,186751792.7,0
2022-06-05 16:00:00,29771.4,29975.0,29761.8,29958.3,16601.124,2022-06-05 16:59:59,495717364.3,154944,9492.413,283492208.9,0
2022-06-05 17:00:00,29958.4,30250.0,29746.4,29858.8,29984.593,2022-06-05 17:59:59,898549593.7,276108,15279.177,458037931.9,0
2022-06-05 18:00:00,29858.9,30128.4,29829.2,30011.3,17124.995,2022-06-05 18:59:59,513950898.8,167346,8803.921,264220350.2,0
2022-06-05 19:00:00,30011.3,30080.0,29965.2,29985.5,7082.515,2022-06-05 19:59:59,212593239.6,85636,3765.201,113029228.7,0
2022-06-05 20:00:00,29985.6,30094.2,29940.0,30036.3,5411.237,2022-06-05 20:59:59,162333766.3,67208,2917.516,87527859.23,0
2022-06-05 21:00:00,30036.3,30123.8,29923.7,29929.5,6412.831,2022-06-05 21:59:59,192599256.2,76691,2783.435,83607321.39,0
2022-06-05 22:00:00,29929.5,29977.6,29794.6,29947.9,10392.578,2022-06-05 22:59:59,310508316.7,105927,5568.1,166378288.6,0
2022-06-05 23:00:00,29948.0,30056.0,29859.5,30005.2,12035.678,2022-06-05 23:59:59,360779339.8,118708,5983.468,179364694.6,0
2022-06-06 00:00:00,30004.5,30035.9,29880.3,29909.9,6591.588,2022-06-06 00:59:59,197415661.1,76830,3174.691,95081055.37,0
2022-06-06 01:00:00,29910.0,30400.0,29876.2,30285.3,18713.774,2022-06-06 01:59:59,564202714.2,160591,10741.331,323893294.6,0
2022-06-06 02:00:00,30285.3,30944.0,30285.3,30833.8,38387.414,2022-06-06 02:59:59,1174926963.0,320225,21752.929,665898088.4,0
2022-06-06 03:00:00,30832.4,31150.0,30832.4,30909.0,26750.781,2022-06-06 03:59:59,828460365.6,235484,14617.477,452813158.4,0
2022-06-06 04:00:00,30909.1,31292.0,30909.0,31235.0,23897.315,2022-06-06 04:59:59,743195988.3,197834,13556.765,421709990.9,0
2022-06-06 05:00:00,31235.0,31358.6,31131.1,31212.5,17939.719,2022-06-06 05:59:59,560209905.8,169591,8732.897,272765011.9,0
2022-06-06 06:00:00,31212.5,31273.6,31130.7,31158.3,12060.963,2022-06-06 06:59:59,376306732.5,133057,6052.839,188866379.2,0
2022-06-06 07:00:00,31158.3,31473.9,31149.8,31260.4,13745.044,2022-06-06 07:59:59,429941562.1,146946,7837.561,245208506.2,0
2022-06-06 08:00:00,31260.4,31380.0,31181.9,31277.9,10965.743,2022-06-06 08:59:59,342877453.8,122290,5402.856,168946899.4,0
2022-06-06 09:00:00,31277.8,31483.8,31261.2,31455.4,15092.362,2022-06-06 09:59:59,473499798.1,158796,8148.828,255688359.5,0
2022-06-06 10:00:00,31455.4,31577.0,31364.4,31461.4,13994.559,2022-06-06 10:59:59,439997774.5,144654,7419.776,233350295.9,0
2022-06-06 11:00:00,31461.5,31532.4,31376.4,31471.9,11078.609,2022-06-06 11:59:59,348435528.7,118966,5417.104,170372887.8,0
2022-06-06 12:00:00,31472.0,31594.6,31313.5,31392.0,14880.871,2022-06-06 12:59:59,467592252.9,155124,7249.388,227850170.9,0
2022-06-06 13:00:00,31392.1,31472.9,31337.5,31400.0,10895.762,2022-06-06 13:59:59,342164623.3,122826,5396.328,169479946.8,0
2022-06-06 14:00:00,31400.0,31524.9,31241.1,31437.1,26694.95,2022-06-06 14:59:59,837981075.1,237916,13715.469,430602670.2,0
2022-06-06 15:00:00,31437.1,31780.0,31414.6,31491.4,38654.495,2022-06-06 15:59:59,1221640230.0,342005,20558.827,649817427.8,0
2022-06-06 16:00:00,31491.4,31558.8,31138.4,31529.8,35656.577,2022-06-06 16:59:59,1118073427.0,324471,17988.219,564142389.4,0
2022-06-06 17:00:00,31529.7,31548.7,31209.0,31302.3,21430.994,2022-06-06 17:59:59,671802413.4,211243,9829.967,308095603.5,0
2022-06-06 18:00:00,31302.3,31363.0,31053.0,31339.9,22322.337,2022-06-06 18:59:59,696827004.2,208322,11025.468,344310660.7,0
2022-06-06 19:00:00,31339.9,31437.1,31225.3,31341.7,15060.329,2022-06-06 19:59:59,471857679.3,148033,7674.099,240479213.9,0
2022-06-06 20:00:00,31341.7,31485.3,31235.5,31466.9,11514.492,2022-06-06 20:59:59,361068479.2,125263,6228.959,195355534.8,0
2022-06-06 21:00:00,31466.9,31546.8,31269.8,31454.6,12871.905,2022-06-06 21:59:59,404271941.6,138774,6757.179,212256258.3,0
2022-06-06 22:00:00,31454.5,31596.0,31401.9,31479.3,10372.583,2022-06-06 22:59:59,326851435.3,127713,5508.189,173586310.9,0
2022-06-06 23:00:00,31479.4,31541.4,31372.3,31392.7,5959.978,2022-06-06 23:59:59,187399615.2,77512,3080.376,96873042.32,0
2022-06-07 00:00:00,31392.8,31423.1,31309.3,31361.2,7581.318,2022-06-07 00:59:59,237704891.8,71577,4020.682,126068140.1,0
2022-06-07 01:00:00,31361.2,31373.9,30123.0,30195.0,67438.673,2022-06-07 01:59:59,2065215935.0,506878,30220.605,924937269.6,0
2022-06-07 02:00:00,30192.8,30247.6,29351.0,29551.7,69713.836,2022-06-07 02:59:59,2080211295.0,547897,33481.155,999312497.7,0
2022-06-07 03:00:00,29555.8,29562.0,29190.0,29378.7,46284.377,2022-06-07 03:59:59,1358722148.0,384292,22433.287,658699180.8,0
2022-06-07 04:00:00,29378.7,29649.9,29315.1,29547.5,24547.105,2022-06-07 04:59:59,724428415.2,237715,11521.946,340028305.3,0
2022-06-07 05:00:00,29547.5,29594.0,29434.5,29509.1,14272.469,2022-06-07 05:59:59,421079042.9,139483,6401.232,188879667.8,0
2022-06-07 06:00:00,29509.1,29615.8,29370.6,29460.1,14370.156,2022-06-07 06:59:59,423758410.7,144744,6779.905,199960592.7,0
2022-06-07 07:00:00,29460.2,29544.5,29430.0,29502.4,8007.782,2022-06-07 07:59:59,236111328.6,89217,3623.918,106860882.1,0
2022-06-07 08:00:00,29502.4,29585.0,29477.8,29569.0,8245.131,2022-06-07 08:59:59,243497452.2,88326,4027.022,118935509.5,0
2022-06-07 09:00:00,29569.1,29720.0,29540.5,29631.1,14950.566,2022-06-07 09:59:59,442967594.6,147100,7615.853,225664027.5,0
2022-06-07 10:00:00,29631.0,29644.0,29529.7,29549.0,8178.411,2022-06-07 10:59:59,241889243.3,99026,3812.038,112753228.9,0
2022-06-07 11:00:00,29549.0,29640.0,29516.0,29583.0,8131.308,2022-06-07 11:59:59,240545224.0,85654,4054.079,119934873.9,0
2022-06-07 12:00:00,29583.0,29602.3,29320.0,29504.5,22120.019,2022-06-07 12:59:59,651780484.6,205128,9906.13,291935671.9,0
2022-06-07 13:00:00,29504.6,29559.0,29384.5,29490.5,12548.5,2022-06-07 13:59:59,369949849.1,126609,6166.984,181826782.2,0
2022-06-07 14:00:00,29490.5,29685.5,29407.6,29549.6,21518.291,2022-06-07 14:59:59,636213071.6,191428,10832.092,320336624.5,0
2022-06-07 15:00:00,29549.6,30050.0,29488.1,29892.1,38745.666,2022-06-07 15:59:59,1154187828.0,336471,21117.564,629204635.0,0
2022-06-07 16:00:00,29892.1,30025.3,29754.5,29876.0,23414.858,2022-06-07 16:59:59,699424958.4,212197,11493.03,343441360.0,0
2022-06-07 17:00:00,29876.0,29942.8,29730.0,29898.2,13454.04,2022-06-07 17:59:59,401493354.5,132527,6559.656,195782391.5,0
2022-06-07 18:00:00,29898.1,29972.2,29842.7,29927.9,7958.316,2022-06-07 18:59:59,238054317.5,89838,4019.015,120232759.5,0
2022-06-07 19:00:00,29927.9,30247.9,29905.6,30172.2,20542.056,2022-06-07 19:59:59,618683803.7,202960,11119.933,334886036.2,0
2022-06-07 20:00:00,30172.2,31428.8,30167.0,31050.5,68474.388,2022-06-07 20:59:59,2111631039.0,516091,37564.27,1157675050.0,0
2022-06-07 21:00:00,31050.4,31599.0,31041.1,31350.0,59279.901,2022-06-07 21:59:59,1858564144.0,489364,32012.88,1003841003.0,0
2022-06-07 22:00:00,31349.9,31548.2,31275.3,31398.6,19906.266,2022-06-07 22:59:59,625261120.5,232585,10584.57,332524827.7,0
2022-06-07 23:00:00,31398.6,31598.9,30303.3,31257.4,61602.287,2022-06-07 23:59:59,1911159495.0,437778,30086.238,933346623.5,0
2022-06-08 00:00:00,31257.3,31398.4,30910.0,31118.1,38010.583,2022-06-08 00:59:59,1183770521.0,331856,19416.783,604850431.9,0
2022-06-08 01:00:00,31118.0,31325.0,31041.6,31075.0,17774.6,2022-06-08 01:59:59,554243126.7,167342,9132.342,284783980.3,0
2022-06-08 02:00:00,31075.0,31229.3,30716.9,31112.0,29371.361,2022-06-08 02:59:59,910502318.4,231532,14908.575,462328656.4,0
2022-06-08 03:00:00,31112.0,31240.0,30950.0,30966.6,13820.437,2022-06-08 03:59:59,429747843.8,115754,6555.536,203833399.6,0
2022-06-08 04:00:00,30966.6,31029.4,29825.0,30006.0,73385.78,2022-06-08 04:59:59,2220022119.0,522396,36589.748,1106601745.0,0
2022-06-08 05:00:00,30006.0,30385.0,29856.1,30228.8,32568.028,2022-06-08 05:59:59,982267015.7,258121,16628.197,501552180.0,0
2022-06-08 06:00:00,30228.9,30650.0,30200.0,30534.3,20858.669,2022-06-08 06:59:59,635139299.8,176697,11580.924,352644604.5,0
2022-06-08 07:00:00,30534.3,30689.5,30341.3,30519.8,15580.41,2022-06-08 07:59:59,475094700.9,148163,7286.947,222234797.6,0
2022-06-08 08:00:00,30519.8,30627.5,30300.1,30547.9,12889.435,2022-06-08 08:59:59,392524682.3,134151,6337.049,193007538.9,0
2022-06-08 09:00:00,30547.9,30604.3,30420.1,30494.4,9993.039,2022-06-08 09:59:59,304894108.3,105541,4993.335,152375094.0,0
2022-06-08 10:00:00,30494.4,30570.0,30361.5,30514.9,12834.807,2022-06-08 10:59:59,390898028.1,117806,6358.889,193701420.8,0
2022-06-08 11:00:00,30515.0,30527.2,30321.0,30374.5,9380.986,2022-06-08 11:59:59,285261589.7,92372,4120.125,125297725.9,0
2022-06-08 12:00:00,30374.5,30492.0,30326.0,30399.2,8676.387,2022-06-08 12:59:59,263936960.5,91583,4206.761,127977817.2,0
2022-06-08 13:00:00,30399.2,30437.6,30093.7,30127.5,21466.241,2022-06-08 13:59:59,649183553.1,190090,9560.493,289130411.1,0
2022-06-08 14:00:00,30127.5,30888.0,30031.6,30754.5,46380.734,2022-06-08 14:59:59,1414584899.0,375763,25209.253,769067050.1,0
2022-06-08 15:00:00,30754.5,30779.3,30307.2,30411.3,27079.868,2022-06-08 15:59:59,826732165.5,251655,12669.225,386783041.7,0
2022-06-08 16:00:00,30411.4,30551.1,30362.1,30458.0,12926.912,2022-06-08 16:59:59,393827453.4,128699,6764.321,206117893.9,0
2022-06-08 17:00:00,30461.0,30536.6,30202.0,30327.0,14890.589,2022-06-08 17:59:59,452041724.4,164069,7242.668,219906009.8,0
2022-06-08 18:00:00,30327.0,30444.0,30282.6,30371.3,9090.78,2022-06-08 18:59:59,275995348.1,99456,4666.405,141684307.7,0
2022-06-08 19:00:00,30371.2,30407.3,29900.0,30224.6,25580.372,2022-06-08 19:59:59,771104353.9,236874,12191.396,367608035.5,0
2022-06-08 20:00:00,30224.6,30298.4,30062.5,30127.6,13135.927,2022-06-08 20:59:59,396449923.6,144459,6403.065,193282597.9,0
2022-06-08 21:00:00,30126.2,30319.6,30090.0,30192.0,7624.013,2022-06-08 21:59:59,230200196.7,86600,4309.301,130128867.2,0
2022-06-08 22:00:00,30191.9,30515.8,30190.0,30409.1,8176.121,2022-06-08 22:59:59,247979363.4,86447,4755.146,144269076.0,0
2022-06-08 23:00:00,30409.0,30444.5,30269.6,30300.0,5485.709,2022-06-08 23:59:59,166423628.5,69308,2444.843,74173899.56,0
2022-06-09 00:00:00,30300.0,30364.4,30170.0,30192.5,6715.432,2022-06-09 00:59:59,203200395.5,72857,3024.159,91534110.63,0
2022-06-09 01:00:00,30192.6,30264.8,30055.3,30211.0,10490.81,2022-06-09 01:59:59,316400068.3,115706,5715.521,172405143.1,0
2022-06-09 02:00:00,30210.9,30312.6,30076.4,30076.5,8333.157,2022-06-09 02:59:59,251777397.2,84567,3433.477,103769435.4,0
2022-06-09 03:00:00,30076.6,30200.0,30057.2,30188.3,6054.859,2022-06-09 03:59:59,182508081.7,66547,3187.758,96094991.45,0
2022-06-09 04:00:00,30188.4,30292.1,30173.7,30283.0,5974.401,2022-06-09 04:59:59,180666792.3,60471,3533.257,106855753.8,0
2022-06-09 05:00:00,30283.0,30290.4,30217.2,30248.7,4204.914,2022-06-09 05:59:59,127201278.2,45583,1853.13,56060617.05,0
2022-06-09 06:00:00,30248.7,30462.8,30231.1,30305.0,10248.785,2022-06-09 06:59:59,310998372.6,95526,5466.663,165894041.8,0
2022-06-09 07:00:00,30305.1,30346.4,30268.0,30321.0,4204.505,2022-06-09 07:59:59,127421352.7,49970,2027.347,61444058.37,0
2022-06-09 08:00:00,30321.1,30479.7,30301.0,30477.3,9363.596,2022-06-09 08:59:59,284590320.7,90329,5026.317,152794417.1,0
2022-06-09 09:00:00,30477.4,30577.0,30342.8,30496.5,14909.153,2022-06-09 09:59:59,454031493.3,127178,7525.962,229234448.8,0
2022-06-09 10:00:00,30496.6,30691.9,30461.1,30534.1,16375.347,2022-06-09 10:59:59,500481514.9,139687,8256.232,252408368.4,0
2022-06-09 11:00:00,30534.0,30588.8,30360.6,30423.9,10831.742,2022-06-09 11:59:59,330314652.4,99660,4484.355,136784416.0,0
2022-06-09 12:00:00,30424.0,30441.8,30256.7,30286.7,14557.187,2022-06-09 12:59:59,441998510.9,126834,6959.343,211371338.0,0
2022-06-09 13:00:00,30286.7,30354.8,30001.3,30102.9,30468.641,2022-06-09 13:59:59,918570383.7,260364,13639.021,411244347.5,0
2022-06-09 14:00:00,30102.9,30249.0,29914.5,30157.9,32602.084,2022-06-09 14:59:59,981540619.4,267900,16154.716,486531689.7,0
2022-06-09 15:00:00,30157.8,30279.1,30042.9,30105.8,22709.015,2022-06-09 15:59:59,685023247.3,177685,11872.8,358242830.4,0
2022-06-09 16:00:00,30105.9,30386.2,30021.8,30285.8,20746.719,2022-06-09 16:59:59,626655137.4,175359,11196.538,338203932.8,0
2022-06-09 17:00:00,30285.9,30367.1,30170.3,30330.0,14550.715,2022-06-09 17:59:59,440319419.8,129064,7424.0,224688245.4,0
2022-06-09 18:00:00,30329.9,30456.2,30190.0,30311.0,13226.831,2022-06-09 18:59:59,400862846.2,122622,6871.687,208304472.4,0
2022-06-09 19:00:00,30310.9,30335.0,30127.5,30138.3,8551.006,2022-06-09 19:59:59,258352481.1,97164,3950.358,119353222.6,0
2022-06-09 20:00:00,30138.3,30166.5,29956.0,30003.8,10986.505,2022-06-09 20:59:59,330528621.4,103153,4751.5,143022627.4,0
2022-06-09 21:00:00,30003.8,30193.0,29952.6,30178.9,15004.318,2022-06-09 21:59:59,451297921.2,125388,8056.097,242317535.9,0
2022-06-09 22:00:00,30178.9,30244.2,30118.6,30125.9,5712.94,2022-06-09 22:59:59,172424911.5,60591,2785.381,84080000.14,0
2022-06-09 23:00:00,30125.8,30150.0,29999.1,30058.9,9394.75,2022-06-09 23:59:59,282465357.9,87768,4217.236,126815189.0,0
2022-06-10 00:00:00,30058.9,30118.2,29963.9,30093.3,7810.195,2022-06-10 00:59:59,234705439.9,79128,3631.8,109167036.4,0
2022-06-10 01:00:00,30093.4,30139.7,29470.5,29737.9,33434.87,2022-06-10 01:59:59,996026313.9,284611,14192.527,422909502.9,0
2022-06-10 02:00:00,29739.1,30049.8,29722.3,29869.4,13956.554,2022-06-10 02:59:59,417113106.1,125232,7336.591,219304744.2,0
2022-06-10 03:00:00,29869.5,30030.4,29851.9,30008.9,7109.253,2022-06-10 03:59:59,213048213.6,71436,4034.217,120896956.1,0
2022-06-10 04:00:00,30009.0,30374.1,30007.6,30102.0,20828.94,2022-06-10 04:59:59,628813225.7,179358,10455.166,315659162.1,0
2022-06-10 05:00:00,30102.0,30135.6,30025.3,30081.0,8291.74,2022-06-10 05:59:59,249433088.6,68675,4791.172,144141310.9,0
2022-06-10 06:00:00,30081.0,30174.7,30074.0,30088.7,5817.085,2022-06-10 06:59:59,175263137.1,58147,3063.65,92305856.89,0
2022-06-10 07:00:00,30088.7,30240.0,30060.0,30087.8,8388.119,2022-06-10 07:59:59,252676334.8,81490,4356.097,131248746.8,0
2022-06-10 08:00:00,30087.8,30124.5,30039.0,30041.6,5200.452,2022-06-10 08:59:59,156450254.8,56454,2255.812,67875290.9,0
2022-06-10 09:00:00,30041.6,30105.7,29971.0,30015.9,10383.972,2022-06-10 09:59:59,311859669.9,95524,5312.954,159578710.3,0
2022-06-10 10:00:00,30016.0,30058.7,29853.2,29888.6,16504.938,2022-06-10 10:59:59,494442909.9,163247,7962.06,238584922.5,0
2022-06-10 11:00:00,29888.6,30009.3,29859.4,29991.9,9556.383,2022-06-10 11:59:59,286114922.4,93099,5497.32,164608857.1,0
2022-06-10 12:00:00,29991.9,30078.4,29959.4,30005.5,7470.17,2022-06-10 12:59:59,224184059.4,75860,4074.865,122300079.6,0
2022-06-10 13:00:00,30005.4,30177.4,29452.3,29631.7,60431.661,2022-06-10 13:59:59,1797249512.0,455119,29029.048,863465353.1,0
2022-06-10 14:00:00,29631.8,29704.0,29250.0,29385.0,53565.114,2022-06-10 14:59:59,1577576462.0,433773,25380.3,747675652.1,0
2022-06-10 15:00:00,29385.0,29668.0,29200.0,29545.6,34347.246,2022-06-10 15:59:59,1011054482.0,304240,17209.495,506763690.6,0
2022-06-10 16:00:00,29545.6,29607.0,29342.9,29438.2,19094.972,2022-06-10 16:59:59,562379741.5,185826,9460.547,278633632.1,0
2022-06-10 17:00:00,29438.2,29470.2,28805.0,29034.0,51594.58,2022-06-10 17:59:59,1499203010.0,410514,22962.568,667337421.5,0
2022-06-10 18:00:00,29034.0,29184.1,28906.2,29104.1,19894.7,2022-06-10 18:59:59,578112341.5,192035,10203.184,296535408.7,0
2022-06-10 19:00:00,29104.0,29131.3,28959.1,29044.5,9946.989,2022-06-10 19:59:59,288934151.7,113733,4804.231,139570822.1,0
2022-06-10 20:00:00,29044.5,29152.8,28931.6,28970.5,14441.775,2022-06-10 20:59:59,419203368.6,144816,6907.454,200551453.5,0
2022-06-10 21:00:00,28970.6,29272.9,28953.1,29184.3,13184.641,2022-06-10 21:59:59,384341428.2,121387,7280.84,212254202.5,0
2022-06-10 22:00:00,29184.3,29398.8,29129.4,29178.0,7773.345,2022-06-10 22:59:59,227235388.4,85313,4120.23,120492566.7,0
2022-06-10 23:00:00,29177.9,29287.3,29078.2,29160.1,7989.678,2022-06-10 23:59:59,233159268.0,82819,3660.976,106857719.7,0
2022-06-11 00:00:00,29160.1,29194.4,29010.8,29077.7,6721.482,2022-06-11 00:59:59,195578903.3,82507,3254.07,94698985.86,0
2022-06-11 01:00:00,29077.7,29239.0,29033.7,29220.1,7994.361,2022-06-11 01:59:59,233141738.7,84789,4289.212,125089929.2,0
2022-06-11 02:00:00,29220.1,29258.3,29162.6,29193.9,6202.698,2022-06-11 02:59:59,181163920.4,54451,2766.88,80828209.09,0
2022-06-11 03:00:00,29193.9,29289.0,29168.8,29253.2,4383.448,2022-06-11 03:59:59,128084332.0,46018,2519.321,73623999.88,0
2022-06-11 04:00:00,29253.1,29300.0,29220.1,29258.4,4245.239,2022-06-11 04:59:59,124205225.0,44038,2290.421,67014578.0,0
2022-06-11 05:00:00,29258.5,29369.0,29236.3,29363.0,5689.98,2022-06-11 05:59:59,166791835.1,58765,3239.093,94950283.15,0
2022-06-11 06:00:00,29363.1,29427.9,29234.1,29269.3,8972.344,2022-06-11 06:59:59,263192376.8,85189,3879.754,113834533.2,0
2022-06-11 07:00:00,29269.9,29298.6,29252.9,29294.3,3751.358,2022-06-11 07:59:59,109841652.5,43672,1827.815,53522533.68,0
2022-06-11 08:00:00,29294.3,29346.8,29274.6,29309.0,4292.531,2022-06-11 08:59:59,125818319.4,47833,2109.067,61822183.46,0
2022-06-11 09:00:00,29309.0,29329.8,28988.0,28994.9,18500.059,2022-06-11 09:59:59,539426457.5,152509,8061.775,235093586.1,0
2022-06-11 10:00:00,28995.0,29185.6,28700.0,29063.6,35449.003,2022-06-11 10:59:59,1026961946.0,295605,17478.989,506566373.7,0
2022-06-11 11:00:00,29063.6,29119.2,28846.6,28913.5,16402.067,2022-06-11 11:59:59,475375778.1,149920,8252.545,239246551.2,0
2022-06-11 12:00:00,28913.5,28955.7,28550.0,28723.9,32892.608,2022-06-11 12:59:59,945904497.5,283847,14959.591,430383866.9,0
2022-06-11 13:00:00,28723.9,28839.2,28453.0,28454.8,27325.429,2022-06-11 13:59:59,783515412.1,248442,11652.403,334320415.1,0
2022-06-11 14:00:00,28457.0,28865.4,28320.0,28760.1,38788.478,2022-06-11 14:59:59,1109229738.0,334149,20131.406,575867038.4,0
2022-06-11 15:00:00,28760.0,28764.1,28357.4,28410.8,22320.462,2022-06-11 15:59:59,637361528.0,226325,9956.142,284318305.1,0
2022-06-11 16:00:00,28410.2,28594.9,28227.7,28392.3,40830.185,2022-06-11 16:59:59,1159302861.0,351121,20353.808,578088167.2,0
2022-06-11 17:00:00,28392.6,28497.0,28080.0,28459.8,37063.853,2022-06-11 17:59:59,1049351004.0,304370,18093.393,512511995.0,0
2022-06-11 18:00:00,28459.9,28579.8,28377.9,28485.7,14623.954,2022-06-11 18:59:59,416660074.1,139135,7593.928,216413085.1,0
2022-06-11 19:00:00,28485.7,28786.9,28444.6,28598.7,16738.573,2022-06-11 19:59:59,478644243.0,152656,9298.293,265898307.1,0
2022-06-11 20:00:00,28598.6,28746.5,28576.8,28581.0,8270.115,2022-06-11 20:59:59,237064714.3,97897,3766.018,107978166.7,0
2022-06-11 21:00:00,28581.1,28608.2,28362.8,28397.2,9362.336,2022-06-11 21:59:59,266817410.2,105111,4146.867,118211702.7,0
2022-06-11 22:00:00,28397.2,28613.8,28380.0,28550.0,6948.003,2022-06-11 22:59:59,198174647.6,82741,3840.907,109532313.1,0
2022-06-11 23:00:00,28550.0,28684.6,28528.6,28624.1,5256.743,2022-06-11 23:59:59,150429090.7,64698,3086.229,88326841.1,0
2022-06-12 00:00:00,28624.1,28632.6,28238.0,28416.7,15063.987,2022-06-12 00:59:59,427686025.9,145025,6660.156,189035863.5,0
2022-06-12 01:00:00,28416.6,28530.3,28369.6,28496.0,8208.127,2022-06-12 01:59:59,233677079.3,89994,4334.728,123414968.4,0
2022-06-12 02:00:00,28496.0,28508.4,28137.6,28229.6,14590.586,2022-06-12 02:59:59,413075277.2,134752,6803.622,192690612.2,0
2022-06-12 03:00:00,28229.6,28337.7,27284.2,27409.5,62393.416,2022-06-12 03:59:59,1731916066.0,480830,26978.611,749050040.0,0
2022-06-12 04:00:00,27409.5,27747.0,27244.9,27538.2,27671.797,2022-06-12 04:59:59,761085026.6,258901,14419.731,396738865.0,0
2022-06-12 05:00:00,27538.2,27644.2,27416.4,27422.4,12173.876,2022-06-12 05:59:59,334972027.3,132636,5900.607,162407210.7,0
2022-06-12 06:00:00,27422.2,27459.7,27162.7,27258.3,28294.873,2022-06-12 06:59:59,773135403.9,246993,13523.072,369602883.9,0
2022-06-12 07:00:00,27257.5,27538.6,27233.1,27466.0,16267.37,2022-06-12 07:59:59,446255991.9,160781,8877.475,243516107.3,0
2022-06-12 08:00:00,27466.0,27673.4,27381.9,27629.4,12444.45,2022-06-12 08:59:59,342101885.6,127717,6633.764,182424766.3,0
2022-06-12 09:00:00,27629.5,27698.0,27520.0,27553.6,14104.844,2022-06-12 09:59:59,389210510.1,147508,6895.442,190296042.2,0
2022-06-12 10:00:00,27553.5,27596.2,27442.8,27459.5,9863.617,2022-06-12 10:59:59,271471409.8,111870,4849.451,133497797.7,0
2022-06-12 11:00:00,27459.5,27569.0,27324.5,27435.1,14728.931,2022-06-12 11:59:59,404440000.3,144369,7529.244,206797560.0,0
2022-06-12 12:00:00,27435.2,27514.0,27331.9,27443.8,11444.884,2022-06-12 12:59:59,313846580.5,116549,6066.863,166387852.1,0
2022-06-12 13:00:00,27443.9,27577.1,27409.6,27422.0,8295.918,2022-06-12 13:59:59,228031304.2,92251,4317.172,118688697.4,0
2022-06-12 14:00:00,27422.0,27460.1,27220.0,27302.4,16495.75,2022-06-12 14:59:59,451027157.1,160920,7791.399,213050193.6,0
2022-06-12 15:00:00,27302.3,27944.5,26850.0,27798.6,77408.875,2022-06-12 15:59:59,2124127899.0,573298,39813.22,1093332170.0,0
2022-06-12 16:00:00,27798.5,28337.7,27761.6,28077.8,50570.624,2022-06-12 16:59:59,1419290453.0,449247,25630.518,719351167.5,0
2022-06-12 17:00:00,28077.8,28166.6,27801.0,27923.0,20628.051,2022-06-12 17:59:59,577092003.6,206290,9926.447,277766890.5,0
2022-06-12 18:00:00,27923.0,28234.4,27907.4,28111.7,17971.711,2022-06-12 18:59:59,504658182.5,161138,10018.817,281277320.9,0
2022-06-12 19:00:00,28111.8,28128.0,27864.2,27896.9,12522.675,2022-06-12 19:59:59,350390176.9,120230,5766.417,161321408.3,0
2022-06-12 20:00:00,27897.0,27926.1,27404.0,27410.0,24487.843,2022-06-12 20:59:59,676168486.0,227777,11298.898,311957150.3,0
2022-06-12 21:00:00,27410.0,27545.4,27341.4,27366.3,14503.394,2022-06-12 21:59:59,397888653.6,139475,7394.387,202903382.9,0
2022-06-12 22:00:00,27366.4,27529.0,27324.1,27360.4,8381.915,2022-06-12 22:59:59,229880881.1,104292,4339.348,119032726.8,0
2022-06-12 23:00:00,27360.3,27442.1,26906.9,26982.5,36080.502,2022-06-12 23:59:59,979864377.7,298754,16770.062,455552518.6,0
2022-06-13 00:00:00,26982.4,27168.5,26538.7,26564.7,41300.102,2022-06-13 00:59:59,1108771257.0,321918,19642.782,527688723.9,0
2022-06-13 01:00:00,26564.7,26877.0,26254.9,26291.3,62248.83,2022-06-13 01:59:59,1654169088.0,461995,30951.857,823052336.4,0
2022-06-13 02:00:00,26291.2,26458.1,25580.0,25758.7,77858.082,2022-06-13 02:59:59,2026558805.0,572811,36621.04,953702307.9,0
2022-06-13 03:00:00,25758.6,25849.2,25318.7,25331.8,57183.873,2022-06-13 03:59:59,1464897393.0,432175,27474.519,704264035.8,0
2022-06-13 04:00:00,25331.7,25658.7,24864.2,25500.0,90330.722,2022-06-13 04:59:59,2280933208.0,642123,45051.988,1138061299.0,0
2022-06-13 05:00:00,25499.9,26241.5,25356.4,25373.3,72696.456,2022-06-13 05:59:59,1877161511.0,522713,35544.193,918033450.9,0
2022-06-13 06:00:00,25373.8,25834.3,25168.2,25221.6,43580.174,2022-06-13 06:59:59,1110945278.0,361525,21870.244,557690718.2,0
2022-06-13 07:00:00,25221.5,25591.4,25035.9,25345.3,47745.886,2022-06-13 07:59:59,1207902814.0,426731,25051.196,633969855.6,0
2022-06-13 08:00:00,25345.4,25459.5,24552.0,24801.2,59010.297,2022-06-13 08:59:59,1474403820.0,525125,28131.457,703326183.7,0
2022-06-13 09:00:00,24801.1,24934.3,24128.2,24172.9,94068.542,2022-06-13 09:59:59,2313240675.0,703914,46218.856,1137441338.0,0
2022-06-13 10:00:00,24172.9,24580.3,23760.1,24038.4,114696.194,2022-06-13 10:59:59,2766246094.0,811165,57890.926,1396705348.0,0
2022-06-13 11:00:00,24038.4,24316.2,23805.6,23978.0,67358.002,2022-06-13 11:59:59,1620772764.0,500262,34154.815,822164701.8,0
2022-06-13 12:00:00,23977.9,24092.5,23464.3,23718.3,69103.255,2022-06-13 12:59:59,1638931266.0,548339,34734.898,824001908.7,0
2022-06-13 13:00:00,23718.2,24357.6,23617.1,23668.8,75126.877,2022-06-13 13:59:59,1803214378.0,547154,37302.965,895623280.8,0
2022-06-13 14:00:00,23668.8,23974.8,23330.0,23642.7,94210.879,2022-06-13 14:59:59,2223741320.0,684636,48339.297,1141424779.0,0
2022-06-13 15:00:00,23642.7,23734.0,22559.7,22789.7,112033.249,2022-06-13 15:59:59,2590680219.0,839056,53303.058,1233311056.0,0
2022-06-13 16:00:00,22789.7,23475.7,22600.0,23253.1,94040.502,2022-06-13 16:59:59,2166137424.0,729689,49957.249,1151073005.0,0
2022-06-13 17:00:00,23255.3,24193.7,23105.0,23722.8,96002.229,2022-06-13 17:59:59,2280999496.0,678902,49654.291,1179741250.0,0
2022-06-13 18:00:00,23722.7,23747.8,23100.9,23525.7,49948.304,2022-06-13 18:59:59,1169627123.0,410405,25697.496,601776951.9,0
2022-06-13 19:00:00,23525.8,23804.2,23354.0,23369.5,34030.457,2022-06-13 19:59:59,802740215.0,303473,16712.42,394399020.7,0
2022-06-13 20:00:00,23369.4,23400.8,23094.0,23200.1,33148.625,2022-06-13 20:59:59,770764777.0,301187,16726.796,389048701.5,0
2022-06-13 21:00:00,23200.1,23780.0,23200.0,23238.6,30220.545,2022-06-13 21:59:59,708948688.2,282384,15256.937,357919999.0,0
2022-06-13 22:00:00,23238.6,23380.0,22855.4,23050.1,27514.415,2022-06-13 22:59:59,636053588.5,256483,13067.492,302209653.9,0
2022-06-13 23:00:00,23050.0,23117.0,22550.4,22575.8,31810.462,2022-06-13 23:59:59,726659898.0,278899,15458.003,353246760.9,0
2022-06-14 00:00:00,22577.3,22639.8,21900.0,22471.5,88554.703,2022-06-14 00:59:59,1973305535.0,653420,43750.583,974913594.8,0
2022-06-14 01:00:00,22471.4,22785.5,21727.1,21740.2,61172.465,2022-06-14 01:59:59,1366053165.0,479976,29430.55,657913804.8,0
2022-06-14 02:00:00,21737.3,21874.7,20834.0,20834.7,117025.312,2022-06-14 02:59:59,2493300463.0,875638,56511.454,1204600270.0,0
2022-06-14 03:00:00,20834.8,21750.0,20823.0,21530.0,96796.156,2022-06-14 03:59:59,2060794246.0,758373,51453.731,1095953756.0,0
2022-06-14 04:00:00,21529.8,22267.0,21310.1,22106.5,64826.395,2022-06-14 04:59:59,1417681755.0,565414,34415.327,752916484.9,0
2022-06-14 05:00:00,22106.5,22452.0,21755.4,21963.9,68265.019,2022-06-14 05:59:59,1503945242.0,523672,34472.219,759749287.9,0
2022-06-14 06:00:00,21964.1,23424.2,21909.3,22739.3,99108.029,2022-06-14 06:59:59,2253579976.0,712763,53627.257,1219280713.0,0
2022-06-14 07:00:00,22739.4,22892.1,22311.0,22621.8,53536.272,2022-06-14 07:59:59,1207081241.0,446281,26685.4,601761603.8,0
2022-06-14 08:00:00,22621.8,23052.9,22160.0,22863.2,57141.241,2022-06-14 08:59:59,1292462010.0,493001,29186.437,660386076.7,0
2022-06-14 09:00:00,22863.3,22980.0,22563.0,22599.8,32400.675,2022-06-14 09:59:59,737324752.8,313166,16379.418,372895779.9,0
2022-06-14 10:00:00,22599.9,22689.3,22280.0,22290.7,29149.236,2022-06-14 10:59:59,655105859.4,297185,14407.106,323893511.4,0
2022-06-14 11:00:00,22290.7,22641.2,22243.0,22372.7,31494.283,2022-06-14 11:59:59,705947708.6,297004,16239.757,364097639.3,0
2022-06-14 12:00:00,22372.7,22413.9,21712.0,21980.0,57133.586,2022-06-14 12:59:59,1257863387.0,460378,27463.126,604415116.9,0
2022-06-14 13:00:00,21980.0,22448.1,21797.7,22141.4,55543.766,2022-06-14 13:59:59,1227584923.0,479577,29423.77,650492275.0,0
2022-06-14 14:00:00,22141.4,22579.2,21960.0,22397.8,61692.672,2022-06-14 14:59:59,1374682254.0,535214,31675.502,706007002.9,0
2022-06-14 15:00:00,22400.6,22538.0,22000.0,22499.8,54974.979,2022-06-14 15:59:59,1224568783.0,447497,27863.805,620867800.4,0
2022-06-14 16:00:00,22498.7,22793.0,22250.8,22672.6,59209.586,2022-06-14 16:59:59,1335871894.0,457909,30409.73,686291607.5,0
2022-06-14 17:00:00,22672.6,22770.0,22404.1,22474.9,34477.639,2022-06-14 17:59:59,778273954.4,305684,17193.344,388230857.7,0
2022-06-14 18:00:00,22474.7,22730.0,22319.5,22347.8,31276.357,2022-06-14 18:59:59,703942100.6,254555,15779.859,355276832.8,0
2022-06-14 19:00:00,22347.8,22579.2,22212.4,22281.8,25607.604,2022-06-14 19:59:59,573661375.6,228462,12584.682,282028050.2,0
2022-06-14 20:00:00,22282.0,22313.8,22111.0,22182.0,22427.047,2022-06-14 20:59:59,497864706.9,209108,11633.472,258293187.5,0
2022-06-14 21:00:00,22182.0,22235.7,21828.7,21981.5,28958.395,2022-06-14 21:59:59,636849613.2,246391,14908.411,327832975.2,0
2022-06-14 22:00:00,21981.6,22086.0,21350.0,21468.6,38694.334,2022-06-14 22:59:59,837586015.8,346584,18287.533,395626930.8,0
2022-06-14 23:00:00,21468.5,21647.3,21459.0,21580.6,19960.531,2022-06-14 23:59:59,430345931.4,184466,10893.711,234924000.5,0
2022-06-15 00:00:00,21580.5,22350.0,21562.8,22122.7,46738.217,2022-06-15 00:59:59,1027219367.0,341786,25591.994,562354722.6,0
2022-06-15 01:00:00,22122.7,22140.3,21724.0,21799.8,32533.786,2022-06-15 01:59:59,714466948.2,271956,15417.117,338621551.0,0
2022-06-15 02:00:00,21799.8,22290.0,21757.3,22152.8,25955.8,2022-06-15 02:59:59,572180303.3,231949,14103.045,310796988.1,0
2022-06-15 03:00:00,22152.8,22164.3,21837.3,21974.0,17808.202,2022-06-15 03:59:59,391250315.1,184460,8415.546,184875609.8,0
2022-06-15 04:00:00,21974.1,22033.2,21400.0,21442.3,31574.947,2022-06-15 04:59:59,684406438.7,279695,14199.951,307795891.5,0
2022-06-15 05:00:00,21442.3,21481.7,20904.2,21133.7,81646.469,2022-06-15 05:59:59,1725174205.0,618676,41344.778,873784430.9,0
2022-06-15 06:00:00,21133.3,21340.0,20681.0,21210.4,65331.89,2022-06-15 06:59:59,1376127967.0,528549,32386.503,682643209.8,0
2022-06-15 07:00:00,21210.4,21397.0,20955.6,21321.3,44974.003,2022-06-15 07:59:59,952803959.8,366780,22692.423,480859083.3,0
2022-06-15 08:00:00,21321.4,21434.7,20617.2,20707.5,55669.654,2022-06-15 08:59:59,1169148323.0,441973,26427.239,555000491.5,0
2022-06-15 09:00:00,20707.5,20746.6,20160.0,20255.4,100640.788,2022-06-15 09:59:59,2057050840.0,759554,49449.566,1010900301.0,0
2022-06-15 10:00:00,20255.3,20416.0,20100.2,20232.6,62920.694,2022-06-15 10:59:59,1272008244.0,509903,32072.1,648511005.9,0
2022-06-15 11:00:00,20232.7,20845.8,20189.7,20566.7,71262.733,2022-06-15 11:59:59,1462267754.0,548791,37827.564,776274294.9,0
2022-06-15 12:00:00,20566.6,21275.9,20390.1,21163.8,70655.294,2022-06-15 12:59:59,1476908398.0,562380,37371.006,781165951.3,0
2022-06-15 13:00:00,21163.8,21604.2,21030.4,21183.6,63309.024,2022-06-15 13:59:59,1346198050.0,481353,32625.251,694205848.8,0
2022-06-15 14:00:00,21183.7,21794.7,21142.0,21547.0,68753.764,2022-06-15 14:59:59,1477385903.0,528678,36266.452,779433504.3,0
2022-06-15 15:00:00,21547.0,21758.0,21051.9,21202.4,60459.233,2022-06-15 15:59:59,1291676451.0,487083,28674.193,612732380.6,0
2022-06-15 16:00:00,21202.4,21496.0,21115.0,21408.8,37994.113,2022-06-15 16:59:59,809080101.6,328496,20806.107,443190406.7,0
2022-06-15 17:00:00,21408.8,21541.2,20623.4,20714.6,62754.901,2022-06-15 17:59:59,1318942386.0,486903,28866.64,606916044.9,0
2022-06-15 18:00:00,20714.5,21549.8,20472.2,21110.0,82635.682,2022-06-15 18:59:59,1722901545.0,629467,44100.085,919799215.8,0
2022-06-15 19:00:00,21105.4,22440.0,20179.9,21529.1,233367.051,2022-06-15 19:59:59,4920132144.0,1627813,120136.813,2535901919.0,0
2022-06-15 20:00:00,21529.6,22265.8,21430.4,21617.3,88540.258,2022-06-15 20:59:59,1927725005.0,685707,44375.488,966462705.5,0
2022-06-15 21:00:00,21616.8,21922.5,21428.8,21674.2,41999.907,2022-06-15 21:59:59,910469722.3,332669,21570.045,467687875.1,0
2022-06-15 22:00:00,21674.2,22438.7,21630.3,22197.5,32640.674,2022-06-15 22:59:59,719671953.3,307666,17170.087,378486765.0,0
2022-06-15 23:00:00,22197.4,22800.0,22188.4,22460.3,55730.753,2022-06-15 23:59:59,1254796203.0,443707,29478.3,663908275.3,0
2022-06-16 00:00:00,22460.1,22668.6,22411.1,22567.5,20141.549,2022-06-16 00:59:59,453773497.6,201629,10317.175,232450678.5,0
2022-06-16 01:00:00,22567.5,22790.8,22468.0,22658.9,30057.789,2022-06-16 01:59:59,679876728.1,265459,15050.147,340477987.7,0
2022-06-16 02:00:00,22658.9,23000.0,22343.6,22359.0,36700.568,2022-06-16 02:59:59,832621557.4,302263,18226.304,413873776.3,0
2022-06-16 03:00:00,22359.0,22536.0,22314.1,22445.0,18224.569,2022-06-16 03:59:59,408882524.3,177820,9705.575,217796864.8,0
2022-06-16 04:00:00,22445.0,22521.9,22152.5,22197.5,19637.405,2022-06-16 04:59:59,438064894.0,192596,9302.691,207575025.1,0
2022-06-16 05:00:00,22197.5,22353.5,22030.2,22084.9,18580.411,2022-06-16 05:59:59,412323051.4,179322,9311.362,206659911.7,0
2022-06-16 06:00:00,22085.0,22190.4,21906.4,21931.9,19928.905,2022-06-16 06:59:59,439343768.3,185191,9593.002,211523169.0,0
2022-06-16 07:00:00,21932.0,21998.0,21700.4,21788.4,23870.435,2022-06-16 07:59:59,521278757.5,223527,12333.205,269358049.8,0
2022-06-16 08:00:00,21788.4,21928.7,21635.3,21748.9,30695.77,2022-06-16 08:59:59,668316363.4,260057,15834.898,344843527.5,0
2022-06-16 09:00:00,21748.9,21883.7,21593.0,21773.8,28647.397,2022-06-16 09:59:59,623094713.7,258950,14995.083,326237300.8,0
2022-06-16 10:00:00,21773.8,21784.8,21122.0,21266.5,62550.902,2022-06-16 10:59:59,1335549408.0,464716,30192.246,644333830.7,0
2022-06-16 11:00:00,21266.5,21367.0,20852.0,21232.9,57283.936,2022-06-16 11:59:59,1207522940.0,438339,28655.951,604280222.0,0
2022-06-16 12:00:00,21232.2,21280.3,20870.0,21028.1,47400.976,2022-06-16 12:59:59,1001102339.0,376840,22857.47,482815108.2,0
2022-06-16 13:00:00,21028.2,21490.0,20909.7,21128.6,59931.614,2022-06-16 13:59:59,1270810896.0,454788,30328.01,643268791.6,0
2022-06-16 14:00:00,21128.5,21347.6,20884.5,21004.5,58303.57,2022-06-16 14:59:59,1231206510.0,449377,28782.416,607912848.2,0
2022-06-16 15:00:00,21004.5,21130.0,20739.0,20914.7,56336.434,2022-06-16 15:59:59,1179609661.0,490598,28759.834,602342033.3,0
2022-06-16 16:00:00,20914.4,21277.8,20906.6,21067.0,39384.874,2022-06-16 16:59:59,831064153.8,344791,20325.942,428987864.4,0
2022-06-16 17:00:00,21067.7,21239.0,20800.0,21170.2,43695.284,2022-06-16 17:59:59,919382815.3,348301,21851.157,459884652.6,0
2022-06-16 18:00:00,21172.4,21483.0,21041.8,21051.8,42163.956,2022-06-16 18:59:59,895894095.1,343911,21518.313,457441553.5,0
2022-06-16 19:00:00,21051.8,21105.2,20892.9,21014.8,31007.816,2022-06-16 19:59:59,651185494.7,264157,15489.976,325385116.2,0
2022-06-16 20:00:00,21014.9,21117.8,20850.0,20862.2,27380.771,2022-06-16 20:59:59,574105825.4,249969,13006.62,272793613.5,0
2022-06-16 21:00:00,20862.2,21040.0,20473.8,20698.4,39902.143,2022-06-16 21:59:59,827608226.9,330652,17943.581,372350854.2,0
2022-06-16 22:00:00,20698.4,20922.2,20609.1,20675.5,23432.488,2022-06-16 22:59:59,486923079.2,220331,12021.244,249835806.8,0
2022-06-16 23:00:00,20674.6,20694.2,20330.0,20356.6,30868.056,2022-06-16 23:59:59,633378685.9,268602,14579.117,299280146.6,0
2022-06-17 00:00:00,20356.6,20466.6,20222.0,20387.4,36648.151,2022-06-17 00:59:59,744691969.9,304948,18181.596,369561374.0,0
2022-06-17 01:00:00,20387.4,20623.8,20228.0,20353.6,41064.631,2022-06-17 01:59:59,837669976.9,303511,20212.009,412308749.5,0
2022-06-17 02:00:00,20353.7,20922.2,20334.7,20866.1,56486.626,2022-06-17 02:59:59,1164587134.0,369287,30011.664,619003152.3,0
2022-06-17 03:00:00,20866.0,21052.5,20531.0,20568.5,38581.281,2022-06-17 03:59:59,801565079.2,299373,18254.996,379464308.3,0
2022-06-17 04:00:00,20568.4,20667.4,20335.0,20369.0,25747.057,2022-06-17 04:59:59,528300606.6,215999,12165.753,249712283.5,0
2022-06-17 05:00:00,20369.1,20622.6,20305.6,20519.1,24455.611,2022-06-17 05:59:59,500919409.5,199339,12728.446,260698008.0,0
2022-06-17 06:00:00,20519.0,20975.8,20508.8,20793.8,34588.679,2022-06-17 06:59:59,718540540.1,252907,17929.012,372414485.1,0
2022-06-17 07:00:00,20793.9,20992.5,20600.0,20881.5,38599.242,2022-06-17 07:59:59,802531405.7,282672,20019.006,416298486.9,0
2022-06-17 08:00:00,20881.2,21288.0,20813.4,21087.5,49942.493,2022-06-17 08:59:59,1051290764.0,373734,26825.492,564823519.6,0
2022-06-17 09:00:00,21087.9,21388.0,21000.0,21056.8,42568.854,2022-06-17 09:59:59,900597646.8,304542,21491.328,454840241.9,0
2022-06-17 10:00:00,21057.1,21127.5,20866.7,20963.4,35799.142,2022-06-17 10:59:59,751906339.6,277652,18001.047,378140034.4,0
2022-06-17 11:00:00,20963.3,21144.6,20833.0,21108.4,27350.526,2022-06-17 11:59:59,573663995.2,237615,14980.509,314322563.3,0
2022-06-17 12:00:00,21108.4,21214.0,20933.5,20963.9,31134.756,2022-06-17 12:59:59,656635238.9,260180,14612.835,308244133.3,0
2022-06-17 13:00:00,20963.9,21036.6,20576.0,20645.1,38345.234,2022-06-17 13:59:59,797253863.7,314046,18867.876,392294657.6,0
2022-06-17 14:00:00,20645.0,20912.4,20560.0,20791.0,52959.384,2022-06-17 14:59:59,1097294889.0,383699,27680.88,573515861.5,0
2022-06-17 15:00:00,20791.0,20800.0,20375.5,20535.5,55223.836,2022-06-17 15:59:59,1134112036.0,419091,27225.848,559060485.9,0
2022-06-17 16:00:00,20535.0,20737.5,20511.5,20656.0,40458.99,2022-06-17 16:59:59,834257916.4,306192,20244.129,417550952.1,0
2022-06-17 17:00:00,20656.0,20785.5,20512.5,20564.8,29152.472,2022-06-17 17:59:59,602400711.8,258217,13995.568,289278827.6,0
2022-06-17 18:00:00,20564.9,20705.9,20497.0,20582.9,22621.696,2022-06-17 18:59:59,465770377.2,196385,11052.133,227615224.1,0
2022-06-17 19:00:00,20582.8,20646.3,20455.0,20512.6,16974.193,2022-06-17 19:59:59,348779563.0,161358,8304.985,170676491.6,0
2022-06-17 20:00:00,20512.6,20540.3,20430.3,20506.6,15159.841,2022-06-17 20:59:59,310634364.8,140652,7654.96,156876980.4,0
2022-06-17 21:00:00,20506.6,20721.7,20505.7,20641.0,16618.612,2022-06-17 21:59:59,342750019.5,153880,8627.51,177925499.3,0
2022-06-17 22:00:00,20640.9,20672.1,20502.4,20547.0,10692.614,2022-06-17 22:59:59,220107501.0,100404,5314.448,109401322.3,0
2022-06-17 23:00:00,20547.0,20599.0,20350.0,20441.7,20654.799,2022-06-17 23:59:59,422442420.0,169194,9241.841,189002274.3,0
2022-06-18 00:00:00,20441.7,20538.3,20415.4,20457.3,10972.688,2022-06-18 00:59:59,224721241.1,100018,5309.542,108743985.6,0
2022-06-18 01:00:00,20457.3,20768.4,20429.5,20561.4,28155.809,2022-06-18 01:59:59,580562286.9,204578,15354.971,316558182.7,0
2022-06-18 02:00:00,20561.4,20595.2,20365.0,20381.9,22261.641,2022-06-18 02:59:59,455292482.1,171509,10803.824,220964739.5,0
2022-06-18 03:00:00,20381.1,20520.0,20300.8,20464.2,20700.74,2022-06-18 03:59:59,422654045.6,200503,10132.143,206956782.0,0
2022-06-18 04:00:00,20464.2,20490.0,20366.5,20450.0,10263.147,2022-06-18 04:59:59,209574389.9,123697,4817.222,98380085.99,0
2022-06-18 05:00:00,20449.9,20497.7,20383.4,20482.7,9606.311,2022-06-18 05:59:59,196398655.4,111061,4688.264,95867287.81,0
2022-06-18 06:00:00,20482.6,20532.5,20381.0,20416.5,10356.034,2022-06-18 06:59:59,211691360.4,111859,4883.944,99847088.71,0
2022-06-18 07:00:00,20416.5,20440.0,19063.2,19419.8,82416.485,2022-06-18 07:59:59,1619646071.0,536788,33595.727,658707236.8,0
2022-06-18 08:00:00,19419.3,19587.0,19000.0,19244.9,111181.111,2022-06-18 08:59:59,2145434997.0,819031,55733.454,1075971740.0,0
2022-06-18 09:00:00,19245.0,19380.0,18690.0,18997.6,113655.948,2022-06-18 09:59:59,2163886599.0,780340,54317.791,1034822638.0,0
2022-06-18 10:00:00,18997.5,19200.0,18885.2,19156.5,42664.79,2022-06-18 10:59:59,813152113.4,365926,22090.831,421083671.6,0
2022-06-18 11:00:00,19156.4,19529.5,19130.8,19382.8,53752.022,2022-06-18 11:59:59,1040245965.0,420059,29041.972,562077805.4,0
2022-06-18 12:00:00,19382.8,19462.8,19219.6,19237.0,32410.375,2022-06-18 12:59:59,626481678.6,269379,15151.644,292957119.8,0
2022-06-18 13:00:00,19237.0,19278.3,19114.9,19147.3,27607.45,2022-06-18 13:59:59,530025966.7,238353,13343.441,256232522.3,0
2022-06-18 14:00:00,19147.4,19225.8,19081.8,19190.4,21753.034,2022-06-18 14:59:59,416608905.7,211915,11325.354,216945252.7,0
2022-06-18 15:00:00,19190.4,19264.7,19060.0,19070.5,21531.284,2022-06-18 15:59:59,412692404.2,196939,10523.816,201767543.6,0
2022-06-18 16:00:00,19071.4,19121.6,18904.0,18946.6,30960.8,2022-06-18 16:59:59,589100764.9,281534,14562.781,277178395.6,0
2022-06-18 17:00:00,18946.7,19090.0,18800.0,18866.2,37120.509,2022-06-18 17:59:59,703245981.2,321259,18392.203,348565454.2,0
2022-06-18 18:00:00,18866.2,18955.3,18421.0,18609.9,63162.648,2022-06-18 18:59:59,1180848776.0,467128,28964.968,541884381.5,0
2022-06-18 19:00:00,18609.6,18635.0,18133.6,18203.7,87429.317,2022-06-18 19:59:59,1606131108.0,654189,42723.857,785082720.3,0
2022-06-18 20:00:00,18203.7,18358.3,18020.9,18059.4,63932.173,2022-06-18 20:59:59,1161652047.0,479790,32024.672,582153870.0,0
2022-06-18 21:00:00,18059.5,18147.0,17593.2,17798.0,135125.221,2022-06-18 21:59:59,2409841528.0,906840,66466.617,1185780041.0,0
2022-06-18 22:00:00,17798.0,18888.0,17753.6,18503.9,118237.847,2022-06-18 22:59:59,2176861483.0,782232,62368.572,1147417233.0,0
2022-06-18 23:00:00,18503.5,19500.0,18414.8,19173.6,87538.759,2022-06-18 23:59:59,1665472548.0,608505,48516.372,923187319.3,0
2022-06-19 00:00:00,19173.3,19260.0,18900.0,18959.7,36767.933,2022-06-19 00:59:59,701047045.7,320516,17912.08,341621752.6,0
2022-06-19 01:00:00,18959.7,19189.9,18850.0,18960.1,39160.013,2022-06-19 01:59:59,744833430.4,305916,20142.152,383157536.7,0
2022-06-19 02:00:00,18962.3,19028.8,18400.0,18473.9,42920.035,2022-06-19 02:59:59,802956238.4,334270,21308.011,398605484.7,0
2022-06-19 03:00:00,18474.0,18523.9,18215.8,18367.8,41946.068,2022-06-19 03:59:59,771658095.6,331528,21983.712,404577262.0,0
2022-06-19 04:00:00,18367.9,18750.0,18255.0,18299.8,40889.75,2022-06-19 04:59:59,757699890.6,312142,20639.424,382489440.1,0
2022-06-19 05:00:00,18299.8,18615.4,18251.8,18496.2,27666.178,2022-06-19 05:59:59,510253836.5,231530,14992.669,276548224.2,0
2022-06-19 06:00:00,18496.1,18535.0,17935.9,18114.9,53803.637,2022-06-19 06:59:59,977140998.9,405565,25292.738,459238417.6,0
2022-06-19 07:00:00,18115.0,18473.0,18042.0,18250.1,40054.43,2022-06-19 07:59:59,733070393.7,309192,21729.072,397703454.5,0
2022-06-19 08:00:00,18250.1,18550.0,18237.4,18297.2,27226.743,2022-06-19 08:59:59,500574555.7,238211,13753.963,252909583.6,0
2022-06-19 09:00:00,18297.1,18700.0,18255.5,18657.9,34330.077,2022-06-19 09:59:59,635010375.4,281354,19658.526,363610772.9,0
2022-06-19 10:00:00,18657.9,19300.0,18564.0,18994.4,71491.359,2022-06-19 10:59:59,1355898385.0,541060,37395.993,709310992.9,0
2022-06-19 11:00:00,18994.4,20100.0,18888.3,19888.2,117989.163,2022-06-19 11:59:59,2312503802.0,856115,65525.153,1284865813.0,0
2022-06-19 12:00:00,19888.5,19982.9,19562.3,19685.4,44767.182,2022-06-19 12:59:59,883462115.1,387139,22246.084,439072815.4,0
2022-06-19 13:00:00,19685.4,19937.7,19270.1,19338.5,62202.789,2022-06-19 13:59:59,1215207362.0,487988,29380.704,574317910.7,0
2022-06-19 14:00:00,19338.4,19600.0,19111.0,19172.9,34413.188,2022-06-19 14:59:59,667577398.9,301221,17213.078,334175894.3,0
2022-06-19 15:00:00,19172.9,19503.4,19145.0,19460.0,35088.552,2022-06-19 15:59:59,678095840.4,304196,19054.102,368366216.3,0
2022-06-19 16:00:00,19459.9,19928.8,19320.0,19816.3,57106.608,2022-06-19 16:59:59,1123064451.0,478234,30544.363,600875084.1,0
2022-06-19 17:00:00,19816.3,19873.2,19363.8,19514.1,38864.878,2022-06-19 17:59:59,761885541.9,352907,18629.899,365336441.3,0
2022-06-19 18:00:00,19514.0,19591.9,19377.2,19438.9,20023.124,2022-06-19 18:59:59,390064884.3,205067,10139.86,197588310.5,0
2022-06-19 19:00:00,19438.9,20270.0,19406.2,20237.4,38626.95,2022-06-19 19:59:59,763934606.2,328110,23188.74,459080732.0,0
2022-06-19 20:00:00,20243.0,20348.4,19830.0,20111.2,61540.074,2022-06-19 20:59:59,1236164763.0,532007,31134.976,625715550.2,0
2022-06-19 21:00:00,20111.1,20710.0,20036.8,20634.0,67192.011,2022-06-19 21:59:59,1371427473.0,531854,36465.9,744538760.8,0
2022-06-19 22:00:00,20634.0,20656.2,20270.2,20387.1,28547.411,2022-06-19 22:59:59,582969070.1,259128,13504.853,275804482.8,0
2022-06-19 23:00:00,20387.1,20821.0,20300.0,20683.0,42485.283,2022-06-19 23:59:59,874953598.2,359519,22467.331,462756823.6,0
2022-06-20 00:00:00,20682.9,20702.9,20400.0,20564.2,20940.171,2022-06-20 00:59:59,429785025.1,202803,10865.162,223021419.1,0
2022-06-20 01:00:00,20564.3,20653.7,20046.6,20054.2,38034.221,2022-06-20 01:59:59,772279991.2,331419,17753.842,360713800.9,0
2022-06-20 02:00:00,20054.1,20155.0,19630.0,19788.6,46748.933,2022-06-20 02:59:59,927111574.0,355350,23956.399,475048273.7,0
2022-06-20 03:00:00,19788.6,20109.6,19664.6,19936.3,41097.567,2022-06-20 03:59:59,817542016.7,337186,21613.889,430041404.9,0
2022-06-20 04:00:00,19936.3,20187.8,19841.6,19966.7,27798.709,2022-06-20 04:59:59,556472958.1,246177,14463.968,289612363.7,0
2022-06-20 05:00:00,19966.7,20163.2,19800.0,19850.1,23005.819,2022-06-20 05:59:59,460261692.7,210477,10969.041,219548552.0,0
2022-06-20 06:00:00,19850.1,20113.5,19763.0,20094.3,27501.852,2022-06-20 06:59:59,547494989.0,239418,14787.326,294491750.4,0
2022-06-20 07:00:00,20094.2,20276.0,19909.6,20126.4,26822.575,2022-06-20 07:59:59,538232076.9,247038,13856.484,278171634.0,0
2022-06-20 08:00:00,20126.4,20150.0,19866.6,20076.7,25256.229,2022-06-20 08:59:59,504512107.4,216160,13083.188,261388835.5,0
2022-06-20 09:00:00,20076.7,20647.6,20010.0,20554.3,62945.234,2022-06-20 09:59:59,1282923321.0,484273,33873.831,690391489.5,0
2022-06-20 10:00:00,20554.3,21050.0,20473.6,20643.3,62203.995,2022-06-20 10:59:59,1288197725.0,483147,33472.698,693495818.0,0
2022-06-20 11:00:00,20643.3,20994.8,20451.5,20876.3,56384.35,2022-06-20 11:59:59,1166562154.0,414791,28737.084,594654622.4,0
2022-06-20 12:00:00,20876.2,20950.0,20668.5,20791.0,39354.731,2022-06-20 12:59:59,818541072.6,318013,19614.429,407992390.0,0
2022-06-20 13:00:00,20790.9,20808.6,20352.0,20542.4,50087.834,2022-06-20 13:59:59,1028866248.0,387797,24608.41,505466862.2,0
2022-06-20 14:00:00,20542.3,20684.4,20363.0,20516.8,38410.963,2022-06-20 14:59:59,787974246.6,319236,19269.947,395413283.6,0
2022-06-20 15:00:00,20516.7,20929.6,20500.1,20832.7,37997.1,2022-06-20 15:59:59,787149797.6,342131,19909.273,412496628.2,0
2022-06-20 16:00:00,20833.0,21099.9,20550.0,20815.4,53792.346,2022-06-20 16:59:59,1117421336.0,428539,27013.831,561414138.5,0
2022-06-20 17:00:00,20815.4,20817.7,20200.1,20269.9,46690.106,2022-06-20 17:59:59,956501697.0,392089,21563.337,441732255.1,0
2022-06-20 18:00:00,20270.9,20453.8,19954.5,19968.7,49031.773,2022-06-20 18:59:59,992375432.7,396331,23964.354,485422356.9,0
2022-06-20 19:00:00,19968.7,20106.2,19814.8,20036.8,39276.941,2022-06-20 19:59:59,784066189.6,343476,20161.281,402581578.3,0
2022-06-20 20:00:00,20037.9,20180.0,19880.0,20064.3,30812.405,2022-06-20 20:59:59,617724224.0,270828,15693.981,314664824.3,0
2022-06-20 21:00:00,20064.4,20535.0,19996.5,20446.0,30787.821,2022-06-20 21:59:59,624056940.5,282331,17059.304,345944599.6,0
2022-06-20 22:00:00,20446.0,20633.9,20317.9,20412.5,26431.008,2022-06-20 22:59:59,541276593.2,247841,12723.192,260646285.2,0
2022-06-20 23:00:00,20412.6,20576.8,20255.5,20483.1,26108.491,2022-06-20 23:59:59,532665787.2,225385,13633.173,278188238.8,0
2022-06-21 00:00:00,20483.1,20780.0,20364.6,20570.1,29235.127,2022-06-21 00:59:59,601820641.2,251610,15227.452,313517791.0,0
2022-06-21 01:00:00,20570.0,20700.0,20386.7,20666.4,27759.796,2022-06-21 01:59:59,570473236.9,240312,14028.553,288354247.2,0
2022-06-21 02:00:00,20666.4,20780.0,20496.0,20661.0,24585.825,2022-06-21 02:59:59,507292651.0,227292,12751.735,263187187.0,0
2022-06-21 03:00:00,20661.1,20695.5,20337.8,20424.8,24995.946,2022-06-21 03:59:59,512028360.4,221699,11226.549,230012735.4,0
2022-06-21 04:00:00,20424.9,20662.0,20354.1,20604.4,22846.35,2022-06-21 04:59:59,468378014.3,217116,12265.688,251538943.0,0
2022-06-21 05:00:00,20604.4,20746.6,20466.1,20649.1,23626.101,2022-06-21 05:59:59,486253638.4,206656,12338.372,254001189.0,0
2022-06-21 06:00:00,20649.1,21036.0,20609.5,20880.0,47623.216,2022-06-21 06:59:59,991977890.6,380281,26261.627,547119824.7,0
2022-06-21 07:00:00,20880.1,21250.6,20880.0,21179.9,45718.098,2022-06-21 07:59:59,963633487.0,384382,24559.759,517779997.2,0
2022-06-21 08:00:00,21179.9,21354.0,20941.4,21107.7,39989.908,2022-06-21 08:59:59,844610386.6,336722,20367.39,430414611.3,0
2022-06-21 09:00:00,21107.8,21456.6,21038.7,21345.8,44085.295,2022-06-21 09:59:59,937591797.3,368923,23579.295,501621355.8,0
2022-06-21 10:00:00,21346.2,21466.8,21156.3,21191.1,30689.384,2022-06-21 10:59:59,652902804.8,274117,14501.86,308583267.6,0
2022-06-21 11:00:00,21191.0,21304.3,21052.0,21287.1,25344.695,2022-06-21 11:59:59,536924209.0,231242,13161.491,278875397.0,0
2022-06-21 12:00:00,21287.4,21354.2,20905.0,20953.2,39051.384,2022-06-21 12:59:59,824157994.8,325191,18136.52,382902984.0,0
2022-06-21 13:00:00,20953.3,21150.0,20841.3,21089.0,42298.358,2022-06-21 13:59:59,888078061.5,348319,22345.828,469275153.4,0
2022-06-21 14:00:00,21088.9,21656.4,20974.8,21604.6,68065.161,2022-06-21 14:59:59,1453729618.0,518250,36856.936,787524150.7,0
2022-06-21 15:00:00,21604.5,21740.0,21416.2,21578.4,50509.735,2022-06-21 15:59:59,1089399608.0,420821,25158.619,542818241.8,0
2022-06-21 16:00:00,21578.1,21591.6,21324.1,21382.8,34075.17,2022-06-21 16:59:59,731448826.7,286087,16589.875,356176692.3,0
2022-06-21 17:00:00,21382.9,21540.0,21343.5,21390.0,23247.564,2022-06-21 17:59:59,498381501.4,208068,11951.08,256233309.0,0
2022-06-21 18:00:00,21390.0,21450.0,21175.2,21232.1,25933.931,2022-06-21 18:59:59,552393808.0,220838,12713.024,270829091.7,0
2022-06-21 19:00:00,21232.2,21244.4,21062.9,21095.5,20276.318,2022-06-21 19:59:59,429157123.4,193908,9972.548,211123613.3,0
2022-06-21 20:00:00,21095.4,21298.6,20863.6,20879.5,30474.727,2022-06-21 20:59:59,642038242.4,249024,14436.869,304287756.9,0
2022-06-21 21:00:00,20879.6,20978.1,20645.0,20851.2,34150.317,2022-06-21 21:59:59,711225129.9,294725,16928.574,352717374.4,0
2022-06-21 22:00:00,20851.3,21056.7,20797.4,20960.1,15540.681,2022-06-21 22:59:59,325011188.0,152657,8620.069,180330935.5,0
2022-06-21 23:00:00,20960.0,20985.4,20726.2,20885.6,20400.609,2022-06-21 23:59:59,424856579.9,185004,10438.161,217387484.6,0
2022-06-22 00:00:00,20885.6,20928.7,20535.2,20713.1,25885.367,2022-06-22 00:59:59,535814210.4,211132,11872.965,245795469.1,0
2022-06-22 01:00:00,20713.1,20729.7,20444.0,20580.0,28445.711,2022-06-22 01:59:59,585672051.7,235080,14016.56,288607790.7,0
2022-06-22 02:00:00,20579.9,20715.2,20368.6,20405.0,24189.589,2022-06-22 02:59:59,497325817.6,216808,12264.764,252298479.0,0
2022-06-22 03:00:00,20404.9,20519.0,20316.0,20458.5,21104.53,2022-06-22 03:59:59,431032097.1,200105,10705.166,218730220.1,0
2022-06-22 04:00:00,20458.5,20562.3,20246.5,20309.0,18844.235,2022-06-22 04:59:59,384430844.6,180386,8967.499,183046589.0,0
2022-06-22 05:00:00,20309.0,20458.0,20259.5,20424.5,21389.663,2022-06-22 05:59:59,435640946.3,180425,10545.6,214793939.4,0
2022-06-22 06:00:00,20424.5,20592.5,20357.6,20359.6,20291.399,2022-06-22 06:59:59,415529132.0,180762,10325.43,211509913.9,0
2022-06-22 07:00:00,20359.6,20436.8,19920.0,20103.5,47930.662,2022-06-22 07:59:59,965370396.7,361301,22584.184,454915445.0,0
2022-06-22 08:00:00,20103.6,20240.7,19953.8,20091.6,35942.431,2022-06-22 08:59:59,723347427.2,269159,18069.155,363767569.6,0
2022-06-22 09:00:00,20091.6,20250.9,20032.7,20226.2,21809.371,2022-06-22 09:59:59,439893167.2,204568,11964.118,241361790.7,0
2022-06-22 10:00:00,20226.4,20512.4,20222.8,20415.7,35096.6,2022-06-22 10:59:59,714211323.2,270470,18532.06,377223914.5,0
2022-06-22 11:00:00,20415.7,20557.6,20342.3,20410.4,23768.874,2022-06-22 11:59:59,485489839.9,207014,12084.596,246908599.1,0
2022-06-22 12:00:00,20410.3,20680.0,20388.5,20497.5,26444.685,2022-06-22 12:59:59,543006658.8,230695,13894.996,285393721.5,0
2022-06-22 13:00:00,20497.6,20572.5,20100.0,20352.6,44652.519,2022-06-22 13:59:59,907713791.2,332286,20792.279,422807235.8,0
2022-06-22 14:00:00,20352.5,20774.1,20221.9,20715.4,54492.027,2022-06-22 14:59:59,1116634959.0,437576,29671.762,608329413.1,0
2022-06-22 15:00:00,20715.4,20888.0,20620.1,20685.9,53806.498,2022-06-22 15:59:59,1116511351.0,449025,26622.175,552542346.3,0
2022-06-22 16:00:00,20685.8,20695.7,20023.1,20075.4,63254.093,2022-06-22 16:59:59,1287270628.0,494439,28648.756,583256010.3,0
2022-06-22 17:00:00,20075.4,20335.8,19830.0,20310.8,77604.121,2022-06-22 17:59:59,1558299673.0,576321,40505.138,813840270.8,0
2022-06-22 18:00:00,20311.7,20373.8,20140.0,20255.4,37850.756,2022-06-22 18:59:59,766850890.6,309177,18131.2,367448061.8,0
2022-06-22 19:00:00,20255.5,20369.9,20180.4,20210.0,19975.261,2022-06-22 19:59:59,404878980.8,186705,9303.466,188626237.4,0
2022-06-22 20:00:00,20210.0,20258.0,19902.5,20103.0,32952.023,2022-06-22 20:59:59,661434582.1,273035,16449.312,330174939.4,0
2022-06-22 21:00:00,20103.0,20234.9,19745.7,19871.8,47401.832,2022-06-22 21:59:59,946730793.0,385720,23254.964,464591684.3,0
2022-06-22 22:00:00,19871.9,20060.8,19812.6,19995.3,21098.232,2022-06-22 22:59:59,420427753.1,219784,10932.453,217899850.8,0
2022-06-22 23:00:00,19995.3,20167.0,19907.3,20088.4,18961.681,2022-06-22 23:59:59,379673304.6,180459,10151.87,203344527.2,0
2022-06-23 00:00:00,20088.4,20126.7,19951.6,19977.4,14877.4,2022-06-23 00:59:59,298127966.7,139201,7002.151,140296947.2,0
2022-06-23 01:00:00,19977.5,20529.6,19874.0,20407.4,49575.669,2022-06-23 01:59:59,1003814728.0,358998,27163.856,550314359.7,0
2022-06-23 02:00:00,20407.3,20600.0,20324.0,20366.6,27073.242,2022-06-23 02:59:59,553439821.1,220573,13337.028,272699666.4,0
2022-06-23 03:00:00,20366.6,20484.5,20335.0,20350.1,15025.409,2022-06-23 03:59:59,306474033.1,139084,7724.184,157592259.0,0
2022-06-23 04:00:00,20350.0,20368.9,20198.5,20202.9,16451.618,2022-06-23 04:59:59,333592061.9,145465,7504.715,152194599.2,0
2022-06-23 05:00:00,20202.9,20388.0,20152.0,20345.5,20994.453,2022-06-23 05:59:59,425445500.6,185317,11677.136,236674983.7,0
2022-06-23 06:00:00,20345.6,20465.5,20255.8,20338.0,18622.539,2022-06-23 06:59:59,379212500.2,167534,9157.196,186557547.9,0
2022-06-23 07:00:00,20338.0,20666.0,20290.0,20537.6,28801.562,2022-06-23 07:59:59,590259009.9,238315,15672.434,321287290.5,0
2022-06-23 08:00:00,20537.5,20617.2,20415.8,20446.2,18323.308,2022-06-23 08:59:59,375691743.0,174292,8722.158,178862779.3,0
2022-06-23 09:00:00,20446.2,20648.3,20433.8,20560.5,23563.513,2022-06-23 09:59:59,484022880.2,205732,12258.773,251814614.8,0
2022-06-23 10:00:00,20560.4,20782.0,20470.0,20738.7,39291.468,2022-06-23 10:59:59,809769289.7,308271,22050.727,454699220.9,0
2022-06-23 11:00:00,20738.7,20806.9,20662.5,20685.8,34704.92,2022-06-23 11:59:59,719315818.9,282056,17862.534,370289948.3,0
2022-06-23 12:00:00,20685.9,20710.8,20587.0,20629.5,14895.087,2022-06-23 12:59:59,307628519.0,154750,7272.842,150226365.0,0
2022-06-23 13:00:00,20629.5,20855.0,20474.9,20553.7,41855.683,2022-06-23 13:59:59,864012000.7,334195,20656.522,426690980.0,0
2022-06-23 14:00:00,20553.8,20640.0,20368.5,20452.1,36742.6,2022-06-23 14:59:59,753767948.0,299893,18446.892,378501424.5,0
2022-06-23 15:00:00,20450.9,20608.9,20384.1,20598.0,27759.836,2022-06-23 15:59:59,568656262.1,236938,15255.133,312564804.8,0
2022-06-23 16:00:00,20598.0,20609.4,20264.7,20339.9,33687.323,2022-06-23 16:59:59,687390818.0,261993,15851.197,323417591.5,0
2022-06-23 17:00:00,20339.9,20357.0,20189.1,20275.8,24636.353,2022-06-23 17:59:59,500003170.0,212809,12104.387,245720892.3,0
2022-06-23 18:00:00,20275.9,20381.4,20158.1,20305.9,24293.632,2022-06-23 18:59:59,492662288.2,198092,12708.585,257793043.9,0
2022-06-23 19:00:00,20305.9,20443.0,20276.3,20418.9,16793.981,2022-06-23 19:59:59,342243977.6,153179,8763.5,178608995.0,0
2022-06-23 20:00:00,20418.9,20950.0,20385.0,20900.5,51615.158,2022-06-23 20:59:59,1069184030.0,381008,28533.12,591021869.0,0
2022-06-23 21:00:00,20900.4,21143.2,20736.0,20805.9,47959.645,2022-06-23 21:59:59,1002563278.0,357216,25076.678,524469244.4,0
2022-06-23 22:00:00,20806.0,20839.1,20655.0,20676.4,18503.042,2022-06-23 22:59:59,383956302.4,166563,9007.721,186974742.5,0
2022-06-23 23:00:00,20676.4,21250.0,20670.0,20983.4,48033.554,2022-06-23 23:59:59,1007109327.0,360348,26031.706,545628021.4,0
2022-06-24 00:00:00,20983.3,21200.0,20968.7,21096.6,19549.445,2022-06-24 00:59:59,412182935.3,185125,10448.345,220298644.1,0
2022-06-24 01:00:00,21096.6,21194.7,20963.0,20999.4,23726.263,2022-06-24 01:59:59,499782080.4,217098,11360.641,239368944.0,0
2022-06-24 02:00:00,20999.5,21176.0,20980.0,21038.4,16185.675,2022-06-24 02:59:59,341234768.2,171025,8377.599,176634000.2,0
2022-06-24 03:00:00,21038.4,21379.2,21004.9,21164.1,25767.671,2022-06-24 03:59:59,546373738.9,221734,13843.32,293603716.7,0
2022-06-24 04:00:00,21165.3,21261.2,21026.2,21066.3,17553.999,2022-06-24 04:59:59,371094192.3,168204,8260.705,174660370.7,0
2022-06-24 05:00:00,21066.4,21147.2,20968.0,21040.0,16228.533,2022-06-24 05:59:59,341746674.6,155555,8168.607,172037193.1,0
2022-06-24 06:00:00,21040.0,21168.9,20842.0,20908.0,20110.977,2022-06-24 06:59:59,423110111.4,174730,9487.521,199715647.9,0
2022-06-24 07:00:00,20908.0,20957.1,20774.1,20834.4,25013.039,2022-06-24 07:59:59,521945533.1,209128,12461.676,260052933.6,0
2022-06-24 08:00:00,20834.4,20970.5,20732.5,20903.9,24860.118,2022-06-24 08:59:59,518716663.5,220796,13734.559,286625863.2,0
2022-06-24 09:00:00,20903.8,21093.7,20885.0,21039.9,20845.951,2022-06-24 09:59:59,437359108.5,182465,11005.663,230977932.8,0
2022-06-24 10:00:00,21040.0,21067.8,20736.0,20816.7,22984.048,2022-06-24 10:59:59,480339963.9,197719,10501.744,219455110.0,0
2022-06-24 11:00:00,20816.7,20998.2,20778.8,20983.5,19872.741,2022-06-24 11:59:59,415085442.0,178984,10813.916,225923716.0,0
2022-06-24 12:00:00,20983.4,21325.0,20967.3,21165.0,46709.535,2022-06-24 12:59:59,988548385.9,370553,24599.303,520606897.8,0
2022-06-24 13:00:00,21165.0,21491.4,21075.0,21206.4,49381.697,2022-06-24 13:59:59,1050114235.0,369365,24397.686,518999276.5,0
2022-06-24 14:00:00,21206.5,21374.5,21132.5,21188.3,36627.183,2022-06-24 14:59:59,778497006.6,275445,18829.502,400319348.3,0
2022-06-24 15:00:00,21188.4,21372.6,21050.0,21118.1,33355.471,2022-06-24 15:59:59,707469629.0,282988,15702.697,333104469.5,0
2022-06-24 16:00:00,21118.1,21128.4,20807.0,20875.4,44986.165,2022-06-24 16:59:59,941825363.4,330110,21815.001,456756297.7,0
2022-06-24 17:00:00,20875.5,21071.0,20771.5,21032.4,35279.501,2022-06-24 17:59:59,737919154.6,259643,18650.937,390272662.9,0
2022-06-24 18:00:00,21032.5,21227.6,20921.1,20962.9,34862.014,2022-06-24 18:59:59,735704166.8,281430,16997.811,358748484.6,0
2022-06-24 19:00:00,20963.0,21125.7,20893.9,21116.8,19286.405,2022-06-24 19:59:59,405146118.7,179423,10553.825,221755726.3,0
2022-06-24 20:00:00,21116.8,21259.7,21012.7,21241.9,21685.807,2022-06-24 20:59:59,458546655.6,188419,10870.453,229959693.5,0
2022-06-24 21:00:00,21241.8,21328.1,21130.2,21188.3,24866.294,2022-06-24 21:59:59,527995605.7,219134,12111.848,257245123.0,0
2022-06-24 22:00:00,21188.3,21360.0,21173.0,21306.6,16912.751,2022-06-24 22:59:59,360190334.2,160127,8714.772,185621951.9,0
2022-06-24 23:00:00,21306.5,21563.5,21284.6,21296.8,30662.155,2022-06-24 23:59:59,656013397.7,266444,16380.492,350595026.4,0
2022-06-25 00:00:00,21296.7,21384.0,21180.1,21231.2,17686.785,2022-06-25 00:59:59,376577376.7,161987,8312.934,177049754.2,0
2022-06-25 01:00:00,21231.2,21296.2,21110.0,21183.4,26792.462,2022-06-25 01:59:59,568241409.9,220909,13239.011,280838923.6,0
2022-06-25 02:00:00,21183.3,21330.0,21138.0,21319.9,13614.62,2022-06-25 02:59:59,289436934.6,129076,7381.668,156939817.8,0
2022-06-25 03:00:00,21320.0,21369.3,21140.8,21167.0,13906.049,2022-06-25 03:59:59,295502475.5,141293,6714.458,142710282.4,0
2022-06-25 04:00:00,21167.0,21340.0,21145.3,21295.0,17133.911,2022-06-25 04:59:59,364149194.7,143804,9169.878,194878727.3,0
2022-06-25 05:00:00,21295.0,21300.0,21198.9,21226.3,11346.445,2022-06-25 05:59:59,241081797.7,113957,5944.476,126301322.2,0
2022-06-25 06:00:00,21226.2,21313.0,21203.4,21208.0,9466.457,2022-06-25 06:59:59,201335718.5,98961,4733.736,100683581.5,0
2022-06-25 07:00:00,21208.0,21305.0,21170.0,21296.9,14502.94,2022-06-25 07:59:59,307955572.6,121968,7183.516,152542120.1,0
2022-06-25 08:00:00,21296.9,21627.6,21289.5,21495.5,39158.898,2022-06-25 08:59:59,840390965.5,303077,21429.648,459871326.6,0
2022-06-25 09:00:00,21495.5,21549.8,21355.0,21383.1,16059.354,2022-06-25 09:59:59,344315980.1,155047,7918.707,169792340.1,0
2022-06-25 10:00:00,21383.0,21488.0,21351.0,21423.1,13544.532,2022-06-25 10:59:59,290142839.7,122830,7032.019,150640868.7,0
2022-06-25 11:00:00,21423.0,21475.0,21373.3,21425.1,9407.847,2022-06-25 11:59:59,201502536.6,98922,4578.481,98070019.01,0
2022-06-25 12:00:00,21425.1,21468.0,21308.0,21329.1,13880.185,2022-06-25 12:59:59,296789724.5,132946,6315.768,135082725.6,0
2022-06-25 13:00:00,21329.2,21366.9,21028.2,21142.7,41392.135,2022-06-25 13:59:59,876089154.7,339643,20296.259,429587127.4,0
2022-06-25 14:00:00,21142.7,21237.0,21060.0,21159.0,21338.38,2022-06-25 14:59:59,451533215.0,198552,10496.209,222146383.0,0
2022-06-25 15:00:00,21158.9,21217.1,21070.0,21120.0,19273.92,2022-06-25 15:59:59,407402443.9,172678,9738.124,205879244.0,0
2022-06-25 16:00:00,21120.1,21175.0,20894.0,20958.9,26642.42,2022-06-25 16:59:59,560774033.4,229365,12039.821,253464945.4,0
2022-06-25 17:00:00,20959.0,21064.8,20907.5,21042.1,18785.342,2022-06-25 17:59:59,394558583.8,170482,9534.171,200277938.2,0
2022-06-25 18:00:00,21042.1,21150.0,21003.0,21087.6,16507.187,2022-06-25 18:59:59,348172468.4,142843,9168.447,193422507.0,0
2022-06-25 19:00:00,21087.6,21280.0,21034.8,21226.1,14058.391,2022-06-25 19:59:59,297248946.1,127143,8314.836,175896524.0,0
2022-06-25 20:00:00,21226.1,21247.0,21150.0,21195.5,11340.573,2022-06-25 20:59:59,240343721.0,106869,5225.755,110760857.9,0
2022-06-25 21:00:00,21195.4,21243.8,21130.0,21214.3,8438.003,2022-06-25 21:59:59,178778513.0,87975,4196.472,88929700.7,0
2022-06-25 22:00:00,21214.2,21534.8,21197.6,21508.1,26929.041,2022-06-25 22:59:59,576249319.1,237992,15092.778,322995987.9,0
2022-06-25 23:00:00,21508.0,21520.0,21384.0,21424.0,15491.686,2022-06-25 23:59:59,332218292.8,141673,7741.191,166024386.5,0
2022-06-26 00:00:00,21424.1,21600.0,21415.5,21481.9,15106.669,2022-06-26 00:59:59,324528164.0,127058,8253.364,177347722.5,0
2022-06-26 01:00:00,21481.9,21539.7,21383.0,21461.2,14696.307,2022-06-26 01:59:59,315200102.7,133809,6844.559,146818643.3,0
2022-06-26 02:00:00,21461.3,21537.6,21313.2,21387.9,16183.591,2022-06-26 02:59:59,346680928.5,134148,8262.996,177032670.4,0
2022-06-26 03:00:00,21387.9,21413.3,21263.7,21346.2,9990.07,2022-06-26 03:59:59,213309021.8,91987,4646.506,99232436.59,0
2022-06-26 04:00:00,21346.2,21453.5,21324.3,21415.1,8279.329,2022-06-26 04:59:59,177096344.1,79754,5023.431,107461828.8,0
2022-06-26 05:00:00,21415.1,21474.9,21352.5,21414.6,9305.855,2022-06-26 05:59:59,199307612.8,87621,4645.872,99512712.62,0
2022-06-26 06:00:00,21414.7,21478.3,21365.7,21431.7,8644.926,2022-06-26 06:59:59,185171589.3,71276,4235.251,90720167.6,0
2022-06-26 07:00:00,21431.7,21520.0,21324.5,21470.5,16165.238,2022-06-26 07:59:59,346567064.8,142026,7949.771,170445303.8,0
2022-06-26 08:00:00,21470.5,21481.6,21350.0,21390.1,11120.439,2022-06-26 08:59:59,238107654.9,100375,5591.059,119718757.5,0
2022-06-26 09:00:00,21390.1,21466.3,21370.1,21444.9,9126.865,2022-06-26 09:59:59,195510461.4,91734,4896.187,104892481.8,0
2022-06-26 10:00:00,21445.0,21473.2,21355.0,21405.4,12539.628,2022-06-26 10:59:59,268397068.6,116225,6288.523,134601329.7,0
2022-06-26 11:00:00,21405.4,21446.4,21364.4,21410.1,8605.397,2022-06-26 11:59:59,184179038.9,85141,4419.672,94599557.26,0
2022-06-26 12:00:00,21410.2,21816.0,21387.4,21699.5,36393.167,2022-06-26 12:59:59,785829818.3,252570,20918.642,451855522.6,0
2022-06-26 13:00:00,21699.4,21888.0,21409.4,21447.3,58615.9,2022-06-26 13:59:59,1269161143.0,415952,28463.009,616572327.2,0
2022-06-26 14:00:00,21447.3,21476.4,21267.1,21395.1,36084.834,2022-06-26 14:59:59,771233777.0,277518,17706.206,378483872.4,0
2022-06-26 15:00:00,21395.0,21483.9,21382.5,21403.0,15693.276,2022-06-26 15:59:59,336211612.4,138342,7749.982,166055269.3,0
2022-06-26 16:00:00,21403.0,21408.2,21180.0,21314.2,29246.043,2022-06-26 16:59:59,622057872.4,231002,13521.596,287635892.0,0
2022-06-26 17:00:00,21314.2,21431.2,21262.2,21344.2,15241.096,2022-06-26 17:59:59,325267492.4,135271,7998.626,170738712.6,0
2022-06-26 18:00:00,21344.2,21355.5,21120.0,21251.4,22700.958,2022-06-26 18:59:59,482014697.5,184881,10697.003,227117291.4,0
2022-06-26 19:00:00,21251.4,21259.2,21116.5,21177.3,15506.453,2022-06-26 19:59:59,328548267.3,139101,6892.495,146031352.4,0
2022-06-26 20:00:00,21177.3,21310.0,21172.7,21273.6,8899.727,2022-06-26 20:59:59,189095430.2,88788,4816.026,102331592.0,0
2022-06-26 21:00:00,21273.6,21420.1,21224.3,21388.9,12161.102,2022-06-26 21:59:59,259246481.2,112441,6625.823,141303008.7,0
2022-06-26 22:00:00,21388.8,21408.1,21318.3,21372.2,9357.144,2022-06-26 22:59:59,199910596.5,90856,4429.286,94634819.52,0
2022-06-26 23:00:00,21372.2,21392.7,20952.0,21136.9,37301.824,2022-06-26 23:59:59,787971150.4,287628,17411.468,367706507.0,0
2022-06-27 00:00:00,21136.6,21227.1,20961.2,21029.1,20928.567,2022-06-27 00:59:59,441488214.7,186928,9812.392,207012539.0,0
2022-06-27 01:00:00,21029.1,21113.9,20967.1,21039.9,18790.408,2022-06-27 01:59:59,395308986.2,171804,9576.126,201487259.9,0
2022-06-27 02:00:00,21039.8,21130.0,20908.8,21079.9,19644.689,2022-06-27 02:59:59,413171929.4,164530,10182.153,214197954.8,0
2022-06-27 03:00:00,21080.0,21180.0,21033.6,21123.4,11493.993,2022-06-27 03:59:59,242684509.3,109943,5914.843,124905512.6,0
2022-06-27 04:00:00,21123.3,21175.0,21100.1,21160.9,9382.112,2022-06-27 04:59:59,198321001.2,83895,4344.323,91842592.13,0
2022-06-27 05:00:00,21160.9,21319.6,21133.0,21235.9,16914.634,2022-06-27 05:59:59,358960780.6,121273,9598.156,203729874.5,0
2022-06-27 06:00:00,21236.0,21260.0,21127.2,21173.0,11444.913,2022-06-27 06:59:59,242494626.1,100894,5514.089,116851324.3,0
2022-06-27 07:00:00,21173.1,21277.2,21158.4,21258.0,9776.726,2022-06-27 07:59:59,207361346.8,90911,5158.461,109416915.5,0
2022-06-27 08:00:00,21258.0,21387.0,21250.0,21354.9,20611.981,2022-06-27 08:59:59,439596029.9,171820,10813.206,230618103.0,0
2022-06-27 09:00:00,21354.9,21560.0,21329.6,21476.5,27930.428,2022-06-27 09:59:59,598254257.8,201826,15110.272,323792586.8,0
2022-06-27 10:00:00,21476.5,21490.0,21407.8,21443.0,14313.066,2022-06-27 10:59:59,306938172.9,127038,6997.415,150064627.4,0
2022-06-27 11:00:00,21443.1,21486.9,21384.0,21428.3,13145.638,2022-06-27 11:59:59,281740600.0,120389,6326.203,135598337.1,0
2022-06-27 12:00:00,21428.2,21444.9,21277.0,21298.2,19932.442,2022-06-27 12:59:59,425765948.8,175854,9602.852,205128287.8,0
2022-06-27 13:00:00,21298.1,21338.0,21161.0,21231.6,24117.824,2022-06-27 13:59:59,512359452.1,217007,12376.856,262953577.7,0
2022-06-27 14:00:00,21231.6,21279.0,20705.0,20729.9,74038.418,2022-06-27 14:59:59,1551804701.0,496147,33846.116,709445794.8,0
2022-06-27 15:00:00,20730.0,20830.0,20575.0,20806.0,62730.898,2022-06-27 15:59:59,1297984463.0,458453,32895.541,680730598.8,0
2022-06-27 16:00:00,20806.1,20842.9,20663.7,20744.0,28110.704,2022-06-27 16:59:59,583507257.0,231512,13383.059,277850315.1,0
2022-06-27 17:00:00,20744.0,20800.0,20650.0,20746.4,20596.242,2022-06-27 17:59:59,426785275.2,175826,9818.125,203472825.0,0
2022-06-27 18:00:00,20746.4,20772.0,20683.5,20711.9,11130.614,2022-06-27 18:59:59,230699177.6,112480,5429.717,112555885.1,0
2022-06-27 19:00:00,20712.0,20950.0,20500.0,20812.1,48196.853,2022-06-27 19:59:59,1001066948.0,330105,23365.183,485714079.3,0
2022-06-27 20:00:00,20812.1,20886.0,20711.4,20845.8,16805.683,2022-06-27 20:59:59,349658375.3,144560,8467.422,176176730.1,0
2022-06-27 21:00:00,20845.8,20966.0,20842.6,20905.9,12048.805,2022-06-27 21:59:59,251918765.3,110921,5810.147,121486593.3,0
2022-06-27 22:00:00,20905.9,20910.2,20767.8,20789.1,10141.627,2022-06-27 22:59:59,211407498.1,92148,4703.842,98048071.04,0
2022-06-27 23:00:00,20789.1,20946.2,20750.1,20801.9,21219.056,2022-06-27 23:59:59,442137689.9,155750,10688.335,222737035.5,0
2022-06-28 00:00:00,20801.9,20880.2,20666.0,20730.0,16817.255,2022-06-28 00:59:59,349132014.7,132394,8262.126,171560883.8,0
2022-06-28 01:00:00,20730.0,20868.2,20670.1,20760.7,20474.045,2022-06-28 01:59:59,425194392.4,159546,10707.124,222391589.8,0
2022-06-28 02:00:00,20760.8,20807.4,20546.9,20609.6,21230.506,2022-06-28 02:59:59,438890201.7,163720,9297.285,192229222.3,0
2022-06-28 03:00:00,20609.6,20673.6,20510.0,20632.0,19742.904,2022-06-28 03:59:59,406572884.3,174766,10573.869,217777336.5,0
2022-06-28 04:00:00,20631.9,20748.9,20621.3,20722.6,12880.387,2022-06-28 04:59:59,266446936.7,110660,7169.792,148328014.4,0
2022-06-28 05:00:00,20722.6,20788.8,20691.9,20758.3,11861.344,2022-06-28 05:59:59,245979372.9,98017,6284.871,130360289.6,0
2022-06-28 06:00:00,20758.4,20829.2,20722.6,20730.0,12551.94,2022-06-28 06:59:59,260746068.2,101477,5838.331,121310451.2,0
2022-06-28 07:00:00,20730.1,20887.4,20730.1,20848.1,17201.953,2022-06-28 07:59:59,358323146.7,136587,9090.001,189345367.0,0
2022-06-28 08:00:00,20848.1,20920.0,20811.7,20868.2,18391.571,2022-06-28 08:59:59,383934971.6,145564,8835.504,184476491.1,0
2022-06-28 09:00:00,20868.3,21150.0,20855.8,21102.0,36579.077,2022-06-28 09:59:59,767728034.6,245068,21329.849,447739508.7,0
2022-06-28 10:00:00,21102.1,21198.0,21040.0,21050.0,34413.385,2022-06-28 10:59:59,727140511.7,258759,16093.429,340069724.8,0
2022-06-28 11:00:00,21050.0,21080.7,20980.0,21014.1,17826.983,2022-06-28 11:59:59,374975761.5,152588,9000.779,189351678.4,0
2022-06-28 12:00:00,21014.5,21080.0,20898.1,20987.9,23266.431,2022-06-28 12:59:59,488334825.2,185010,11234.971,235879970.8,0
2022-06-28 13:00:00,20987.8,21123.7,20927.2,20942.6,22195.366,2022-06-28 13:59:59,466404005.1,184000,11115.493,233670990.1,0
2022-06-28 14:00:00,20942.5,21138.7,20846.0,21044.4,31205.525,2022-06-28 14:59:59,655796324.6,246623,16224.978,341079736.9,0
2022-06-28 15:00:00,21044.5,21077.7,20710.0,20840.5,46185.368,2022-06-28 15:59:59,962582901.5,341475,22879.22,476708608.6,0
2022-06-28 16:00:00,20840.5,20840.5,20575.2,20595.4,35354.118,2022-06-28 16:59:59,731381905.1,283120,17036.383,352414809.8,0
2022-06-28 17:00:00,20595.7,20757.9,20534.9,20701.8,35503.626,2022-06-28 17:59:59,733321002.0,257313,18989.226,392237770.3,0
2022-06-28 18:00:00,20701.8,20713.7,20585.1,20622.4,18793.116,2022-06-28 18:59:59,387830065.5,157823,8946.217,184629962.7,0
2022-06-28 19:00:00,20622.4,20633.6,20252.0,20341.5,52813.329,2022-06-28 19:59:59,1075900898.0,370081,23704.449,482795197.8,0
2022-06-28 20:00:00,20341.6,20360.0,20209.1,20246.6,22393.708,2022-06-28 20:59:59,454288738.0,173301,9884.442,200583313.6,0
2022-06-28 21:00:00,20246.7,20317.4,20188.0,20269.0,21371.037,2022-06-28 21:59:59,432799539.8,172335,10982.529,222449276.5,0
2022-06-28 22:00:00,20269.0,20387.4,20264.1,20384.0,14452.066,2022-06-28 22:59:59,293799732.1,118059,7449.664,151458659.5,0
2022-06-28 23:00:00,20383.9,20450.0,20250.3,20300.8,18980.544,2022-06-28 23:59:59,386376462.5,156176,8327.875,169574414.0,0
2022-06-29 00:00:00,20300.8,20357.0,20200.0,20268.6,17247.779,2022-06-29 00:59:59,349815999.7,148216,8156.511,165464004.4,0
2022-06-29 01:00:00,20268.7,20382.0,20140.5,20283.2,25067.391,2022-06-29 01:59:59,508142791.7,190196,12356.154,250568972.4,0
2022-06-29 02:00:00,20283.2,20375.5,20225.0,20345.1,11897.576,2022-06-29 02:59:59,241631372.7,107863,5830.82,118439760.3,0
2022-06-29 03:00:00,20345.0,20385.1,20276.0,20335.3,10476.941,2022-06-29 03:59:59,213019736.4,97548,4590.276,93343361.92,0
2022-06-29 04:00:00,20335.3,20382.9,20229.8,20275.9,14958.566,2022-06-29 04:59:59,303907700.3,123537,7141.064,145115190.5,0
2022-06-29 05:00:00,20275.9,20366.0,20240.0,20297.1,18545.197,2022-06-29 05:59:59,376508415.8,126495,9130.844,185410806.0,0
2022-06-29 06:00:00,20297.1,20360.1,20057.0,20177.7,36824.735,2022-06-29 06:59:59,743540598.0,239946,16607.728,335442311.9,0
2022-06-29 07:00:00,20177.8,20209.9,19901.1,19937.8,43079.808,2022-06-29 07:59:59,863937845.0,319747,19654.149,394320358.5,0
2022-06-29 08:00:00,19938.0,20128.9,19887.1,20080.6,29580.237,2022-06-29 08:59:59,592061523.5,237414,16054.297,321382033.5,0
2022-06-29 09:00:00,20080.5,20145.8,19950.0,19985.8,20328.811,2022-06-29 09:59:59,407686319.4,171410,9382.854,188236449.2,0
2022-06-29 10:00:00,19985.8,20235.6,19963.8,20056.9,33147.15,2022-06-29 10:59:59,666506659.8,220496,17627.218,354478045.9,0
2022-06-29 11:00:00,20056.9,20139.7,20011.9,20087.0,17941.048,2022-06-29 11:59:59,360254958.9,153722,9154.954,183868524.0,0
2022-06-29 12:00:00,20087.0,20119.0,19817.2,20096.9,45127.772,2022-06-29 12:59:59,902555571.5,289031,21750.59,435153411.4,0
2022-06-29 13:00:00,20096.9,20180.0,19965.0,20002.5,33427.733,2022-06-29 13:59:59,670613427.6,225584,16517.089,331418910.3,0
2022-06-29 14:00:00,20002.3,20135.2,19882.6,20074.1,50219.859,2022-06-29 14:59:59,1005931322.0,297710,25789.636,516628375.1,0
2022-06-29 15:00:00,20074.1,20170.0,20023.2,20115.1,34607.542,2022-06-29 15:59:59,695830776.2,236017,18103.708,364045908.4,0
2022-06-29 16:00:00,20115.1,20127.2,19970.0,20076.3,23266.731,2022-06-29 16:59:59,466719489.3,158945,11843.217,237571060.6,0
2022-06-29 17:00:00,20076.3,20093.7,19965.5,20012.8,20260.669,2022-06-29 17:59:59,405589770.0,151762,10041.176,201024378.3,0
2022-06-29 18:00:00,20012.7,20078.6,19920.0,20078.0,20568.004,2022-06-29 18:59:59,411196049.5,147326,11088.502,221731607.1,0
2022-06-29 19:00:00,20078.0,20113.9,20024.9,20044.1,12990.89,2022-06-29 19:59:59,260818573.1,107581,6589.093,132302612.5,0
2022-06-29 20:00:00,20044.1,20270.1,20028.3,20214.1,20517.172,2022-06-29 20:59:59,413359322.4,139729,11558.961,232925264.7,0
2022-06-29 21:00:00,20212.8,20430.0,20119.9,20215.9,37957.446,2022-06-29 21:59:59,769483070.6,245033,19498.311,395360740.8,0
2022-06-29 22:00:00,20215.9,20348.4,20185.4,20285.9,15613.769,2022-06-29 22:59:59,316527248.9,110649,7045.73,142840524.4,0
2022-06-29 23:00:00,20285.9,20315.7,20136.5,20204.8,15302.238,2022-06-29 23:59:59,309339278.0,111023,7518.509,151981671.6,0
2022-06-30 00:00:00,20204.8,20207.7,20037.7,20109.9,17198.705,2022-06-30 00:59:59,345779615.0,118900,8803.185,176992152.4,0
2022-06-30 01:00:00,20109.9,20165.0,20000.0,20027.8,20229.345,2022-06-30 01:59:59,406160915.9,132887,10101.847,202858456.5,0
2022-06-30 02:00:00,20027.8,20076.0,19932.4,20008.4,19419.769,2022-06-30 02:59:59,388589192.0,142183,9601.635,192158022.1,0
2022-06-30 03:00:00,20008.3,20111.7,19993.8,20073.7,9484.143,2022-06-30 03:59:59,190283401.9,78912,5061.882,101562014.2,0
2022-06-30 04:00:00,20073.9,20086.5,20034.3,20062.6,9101.154,2022-06-30 04:59:59,182566160.7,69176,4068.718,81613066.8,0
2022-06-30 05:00:00,20062.5,20077.0,20000.0,20039.5,11403.431,2022-06-30 05:59:59,228619908.2,78279,5989.759,120097786.1,0
2022-06-30 06:00:00,20039.6,20059.0,19951.6,19990.1,16275.79,2022-06-30 06:59:59,325542126.0,111464,7676.224,153541855.7,0
2022-06-30 07:00:00,19990.0,20015.4,19315.0,19408.6,70174.456,2022-06-30 07:59:59,1375325403.0,421944,28443.263,557242653.2,0
2022-06-30 08:00:00,19406.1,19461.4,19300.0,19423.5,37555.534,2022-06-30 08:59:59,728401061.6,259386,19656.478,381312458.7,0
2022-06-30 09:00:00,19423.1,19429.9,19089.9,19226.0,42039.613,2022-06-30 09:59:59,810621325.7,261392,18091.609,349010939.5,0
2022-06-30 10:00:00,19226.1,19249.9,18902.0,19139.2,80351.887,2022-06-30 10:59:59,1531430218.0,483857,41132.574,784180566.7,0
2022-06-30 11:00:00,19139.1,19156.5,18969.6,19093.1,29502.33,2022-06-30 11:59:59,562803963.3,201415,14403.11,274820444.0,0
2022-06-30 12:00:00,19093.2,19167.0,19001.6,19088.7,28262.853,2022-06-30 12:59:59,538872671.1,187743,15228.633,290419728.8,0
2022-06-30 13:00:00,19088.7,19338.0,19053.0,19193.1,41473.295,2022-06-30 13:59:59,796059517.0,263712,21806.385,418621970.2,0
2022-06-30 14:00:00,19193.0,19259.4,18702.0,18855.4,68581.536,2022-06-30 14:59:59,1301959872.0,396117,31448.249,597077134.7,0
2022-06-30 15:00:00,18855.4,19160.0,18843.8,19108.9,45382.885,2022-06-30 15:59:59,861769542.8,278356,25408.598,482625776.9,0
2022-06-30 16:00:00,19109.0,19248.8,19078.5,19133.5,38125.103,2022-06-30 16:59:59,730374006.6,246214,18272.438,350133580.0,0
2022-06-30 17:00:00,19133.4,19300.0,19057.0,19128.5,31056.413,2022-06-30 17:59:59,594962624.3,206869,16402.88,314333132.8,0
2022-06-30 18:00:00,19128.6,19210.0,19059.0,19092.9,18820.912,2022-06-30 18:59:59,359923526.0,136134,9803.103,187486964.2,0
2022-06-30 19:00:00,19092.9,19113.4,18951.1,18962.1,20425.187,2022-06-30 19:59:59,388642454.9,145819,9362.025,178146683.9,0
2022-06-30 20:00:00,18962.1,19038.2,18843.0,18921.3,32033.326,2022-06-30 20:59:59,606719037.3,228715,16684.237,316111421.8,0
2022-06-30 21:00:00,18921.3,19064.7,18563.0,18742.9,43214.413,2022-06-30 21:59:59,813961990.7,285750,20234.505,381412730.4,0
2022-06-30 22:00:00,18742.9,18961.0,18711.0,18812.6,34372.158,2022-06-30 22:59:59,648041767.3,225452,16913.757,318899709.6,0
2022-06-30 23:00:00,18812.7,18944.8,18730.0,18885.0,25171.476,2022-06-30 23:59:59,474274292.6,183416,12577.718,237003197.1,0
2022-07-01 00:00:00,18884.9,19965.6,18870.4,19923.5,87524.406,2022-07-01 00:59:59,1702321791.0,476990,50391.766,979931916.9,0
